flow_set,a_setpoint,pressure_sp,override_sp,level_sp,f1_valve_pos,f1_flow,f2_valve_pos,f2_flow,purge_valve_pos,purge_flow,product_valve_pos,product_flow,pressure,level,a_in_purge,b_in_purge,c_in_purge,f1_valve_sp,f2_valve_sp,purge_valve_sp,product_valve_sp,timestamp
19660,60000,55295,60000,60000,0,0,65535,5565,0,0,65535,27163,52668,59989,40868,880,23785,0,65535,0,65425,1733020097.403422
19660,60000,55295,60000,60000,0,0,65535,5565,0,0,65485,27131,52627,59983,40879,881,23774,0,65535,0,65315,1733020098.530513
19660,60000,55295,60000,60000,0,0,65535,5565,0,0,65425,27095,52586,59977,40890,881,23762,0,65535,0,65195,1733020099.63202
19660,60000,55295,60000,60000,0,0,65535,5565,0,0,65315,27039,52545,59971,40901,882,23750,0,65535,0,65025,1733020100.78294
19660,60000,55295,60000,60000,0,0,65535,5565,0,0,65195,26978,52505,59965,40912,883,23739,0,65535,0,64845,1733020101.843131
19660,60000,55295,60000,60000,0,0,65535,5565,0,0,65025,26897,52464,59959,40923,883,23727,0,65535,0,64615,1733020102.99111
19660,60000,55295,60000,60000,0,0,65535,5565,0,0,64845,26812,52423,59953,40934,884,23715,0,65535,0,64375,1733020104.176025
19660,60000,55295,60000,60000,0,0,65535,5565,0,0,64615,26706,52383,59947,40946,884,23703,0,65535,0,63795,1733020105.287647
19660,60000,55295,60000,60000,0,0,65535,5565,0,0,64375,26596,52342,59942,40957,885,23692,0,65535,0,63445,1733020106.42105
19660,60000,55295,60000,60000,0,0,65535,5565,0,0,64085,26466,52302,59936,40968,886,23680,0,65535,0,63095,1733020107.628746
19660,60000,55295,60000,60000,0,0,65535,5565,0,0,63445,26180,52221,59925,40990,887,23657,0,65535,0,62695,1733020108.684449
19660,60000,55295,60000,60000,0,0,65535,5565,0,0,63095,26025,52181,59919,41001,888,23645,0,65535,0,62285,1733020109.7497
19660,60000,55295,60000,60000,0,0,65535,5565,0,0,62695,25850,52141,59914,41012,888,23633,0,65535,0,61835,1733020110.88992
19660,60000,55295,60000,60000,0,0,65535,5565,0,0,62284,25671,52101,59908,41023,889,23621,0,65535,0,61364,1733020112.046178
19660,60000,55295,60000,60000,0,0,65535,5565,0,0,61834,25475,52061,59903,41034,890,23609,0,65535,0,60864,1733020113.276682
19660,60000,55295,60000,60000,0,0,65535,5565,0,0,61363,25271,52021,59898,41045,890,23598,0,65535,0,60343,1733020114.372714
19660,60000,55295,60000,60000,0,0,65535,5565,0,0,60863,25055,51981,59893,41057,891,23586,0,65535,0,59223,1733020115.588872
19660,60000,55295,60000,60000,0,0,65535,5565,0,0,60343,24831,51941,59888,41068,892,23574,0,65535,0,58623,1733020116.669104
19660,60000,55295,60000,60000,0,0,65535,5565,0,0,59793,24595,51902,59883,41079,892,23562,0,65535,0,58003,1733020117.725237
19660,60000,55295,60000,60000,0,0,65535,5565,0,0,58623,24094,51823,59873,41101,894,23539,0,65535,0,57353,1733020118.781056
19660,60000,55295,60000,60000,0,0,65535,5565,0,0,58003,23830,51783,59869,41112,894,23527,0,65535,0,56693,1733020119.835966
19660,60000,55295,60000,60000,0,0,65535,5565,0,0,57353,23554,51744,59864,41124,895,23515,0,65535,0,55993,1733020120.973201
19660,60000,55295,60000,60000,0,0,65535,5565,0,0,56693,23273,51705,59860,41135,896,23503,0,65535,0,55293,1733020122.029549
19660,60000,55295,60000,60000,0,0,65535,5565,0,0,55993,22977,51666,59856,41146,896,23491,0,65535,0,54553,1733020123.126373
19660,60000,55295,60000,60000,0,0,65535,5565,0,0,55293,22681,51627,59852,41157,897,23479,0,65535,0,53813,1733020124.249859
19660,60000,55295,60000,60000,0,0,65535,5565,0,0,54553,22368,51588,59848,41168,898,23467,0,65535,0,53033,1733020125.312133
19660,60000,55295,60000,60000,0,0,65535,5565,0,0,53813,22056,51549,59844,41180,898,23455,0,65535,0,52253,1733020126.460839
19660,60000,55295,60000,60000,0,0,65535,5565,0,0,53033,21728,51510,59841,41202,900,23432,0,65535,0,51443,1733020127.527443
19660,60000,55295,60000,60000,0,0,65535,5565,0,0,52253,21400,51433,59834,41213,900,23420,0,65535,0,50593,1733020128.612033
19660,60000,55295,60000,60000,0,0,65535,5565,0,0,51443,21060,51394,59832,41225,901,23408,0,65535,0,49763,1733020129.67381
19660,60000,55295,60000,60000,0,0,65535,5565,0,0,50593,20704,51356,59829,41236,902,23396,0,65535,0,48883,1733020130.732751
19660,60000,55295,60000,60000,0,0,65535,5565,0,0,49763,20357,51317,59826,41247,902,23384,0,65535,0,47123,1733020131.975169
19660,60000,55295,60000,60000,0,0,65535,5565,0,0,48883,19981,51278,59824,41259,903,23372,190,65535,0,46233,1733020133.069055
19660,60000,55295,60000,60000,0,0,65535,5565,0,0,48023,19622,51240,59821,41270,904,23360,2065,65535,0,45313,1733020134.131133
19660,60000,55295,60000,60000,190,243,65535,5565,0,0,47123,19247,51202,59819,41281,904,23348,4110,65535,0,44403,1733020135.20761
19660,60000,55295,60000,60000,2065,2645,65535,5565,0,0,45313,18493,51126,59815,41304,906,23324,7900,65535,0,43463,1733020136.315816
19660,60000,55295,60000,60000,4110,5264,65535,5565,0,0,44403,18116,51089,59814,41315,906,23312,11830,65535,0,42543,1733020137.400934
19660,60000,55295,60000,60000,7900,10119,65535,5565,0,0,43462,17727,51056,59812,41326,907,23301,17565,65535,0,41582,1733020138.568784
19660,60000,55295,60000,60000,11830,15153,65535,5565,0,0,42542,17347,51026,59811,41336,907,23290,23395,65535,0,40652,1733020139.72972
19660,60000,55295,60000,60000,17565,22499,65535,5565,0,0,41582,16953,51004,59810,41344,908,23281,31100,65535,0,39682,1733020140.840036
19660,60000,55295,60000,60000,23395,29967,65535,5565,0,0,40652,16573,50989,59809,41351,908,23274,38830,65535,0,38742,1733020141.904508
19660,60000,55295,60000,60000,31099,39836,65535,5565,0,0,39682,16178,50986,59809,41356,909,23269,48509,65535,0,37772,1733020143.126611
19660,60000,55295,60000,60000,38830,49738,65535,5565,0,0,38742,15798,50993,59808,41359,909,23266,65535,65535,0,35852,1733020144.363232
19660,60000,55295,60000,60000,58140,65535,65535,5565,0,0,37772,15408,51015,59808,41359,909,23265,65535,65535,0,34902,1733020145.428851
19660,60000,55295,60000,60000,65535,65535,65535,5565,0,0,35852,14643,51106,59808,41351,908,23274,65535,65535,0,33932,1733020146.574873
19660,60000,55295,60000,60000,65535,65535,65535,5565,0,0,34902,14267,51177,59809,41342,908,23283,65535,65535,0,32992,1733020147.636273
19660,60000,55295,60000,60000,65535,65535,65535,5565,0,0,33932,13882,51259,59810,41331,907,23295,65535,65535,0,32032,1733020148.697983
19660,60000,55295,60000,60000,65535,65535,65535,5565,0,0,32992,13509,51341,59811,41320,906,23307,65535,65535,0,31102,1733020149.757627
19660,60000,55295,60000,60000,65535,65535,65535,5565,0,0,32032,13127,51424,59812,41310,906,23318,65535,65535,0,30152,1733020150.817068
19660,60000,55295,60000,60000,65535,65535,65535,5565,0,0,31101,12756,51506,59813,41299,905,23330,65535,65535,0,29231,1733020151.876112
19660,60000,55295,60000,60000,65535,65535,65535,5565,0,0,30152,12377,51588,59815,41288,904,23341,65535,65535,0,28302,1733020152.936173
19660,60000,55295,60000,60000,65535,65535,65535,5565,0,0,29231,12008,51670,59817,41277,904,23353,65535,65535,0,27401,1733020154.032756
19660,60000,55295,60000,60000,65535,65535,65535,5565,0,0,28302,11636,51752,59819,41267,903,23364,65535,65535,0,26492,1733020155.157775
19660,60000,55295,60000,60000,65535,65535,65535,5565,0,0,27401,11275,51834,59821,41256,902,23375,65535,65535,0,25611,1733020156.285667
19660,60000,55295,60000,60000,65535,65535,65535,5565,0,0,26492,10910,51916,59824,41246,902,23386,65535,65535,0,24732,1733020157.364063
19660,60000,55295,60000,60000,65535,65535,65535,5565,0,0,25611,10556,51998,59827,41235,901,23398,65535,65535,0,23881,1733020158.513801
19660,60000,55295,60000,60000,65535,65535,65535,5565,0,0,24732,10202,52080,59830,41225,900,23409,65535,65535,0,22211,1733020159.665859
19660,60000,55295,60000,60000,65535,65535,65535,5565,0,0,23881,9859,52162,59833,41214,900,23420,65535,65535,0,21402,1733020160.750211
19660,60000,55295,60000,60000,65535,65535,65535,5565,0,0,23032,9516,52243,59837,41204,899,23431,65535,65535,0,20611,1733020161.809266
19660,60000,55295,60000,60000,65535,65535,65535,5565,0,0,22211,9184,52325,59840,41194,898,23442,65535,65535,0,19841,1733020162.868884
19660,60000,55295,60000,60000,65535,65535,65535,5565,0,0,20611,8536,52488,59848,41173,897,23463,65535,65535,0,19091,1733020163.929107
19660,60000,55295,60000,60000,65535,65535,65535,5565,0,0,19841,8224,52570,59853,41163,897,23474,65535,65535,0,18371,1733020165.090564
19660,60000,55295,60000,60000,65535,65535,65535,5565,0,0,19091,7920,52651,59857,41153,896,23485,65535,65535,0,17661,1733020166.1564
19660,60000,55295,60000,60000,65535,65535,65535,5565,0,0,18371,7627,52732,59862,41143,895,23495,65535,65535,0,16991,1733020167.343797
19660,60000,55295,60000,60000,65535,65535,65535,5565,0,0,17661,7338,52814,59867,41133,895,23506,65535,65535,0,16331,1733020168.446369
19660,60000,55295,60000,60000,65535,65535,65535,5565,0,0,16991,7065,52895,59872,41123,894,23517,65535,65535,0,15711,1733020169.511512
19660,60000,55295,60000,60000,65535,65535,65535,5565,0,0,16331,6796,53057,59883,41103,893,23538,65535,65535,0,15161,1733020170.598308
19660,60000,55295,60000,60000,65535,65535,65535,5565,0,0,15711,6543,53138,59888,41093,892,23548,65535,65535,0,14591,1733020171.704843
19660,60000,55295,60000,60000,65535,65535,65535,5565,0,0,15160,6319,53219,59894,41084,892,23558,65535,65535,0,14100,1733020172.764382
19660,60000,55295,60000,60000,65535,65535,65535,5565,0,0,14591,6087,53300,59900,41074,891,23569,65535,65535,0,13591,1733020173.916374
19660,60000,55295,60000,60000,65535,65535,65535,5565,0,0,14100,5886,53381,59906,41064,890,23579,65535,65535,0,12711,1733020175.02351
19660,60000,55295,60000,60000,65535,65535,65535,5565,0,0,13591,5683,53462,59912,41055,890,23589,65535,65535,0,12350,1733020176.150708
19660,60000,55295,60000,60000,65535,65535,65535,5565,0,0,13160,5507,53543,59919,41045,889,23599,65535,65535,0,11961,1733020177.210699
19660,60000,55295,60000,60000,65535,65535,65535,5565,0,0,12711,5323,53623,59925,41035,889,23609,65535,65535,0,11670,1733020178.270974
19660,60000,55295,60000,60000,65535,65535,65535,5565,0,0,11961,5017,53784,59938,41016,888,23629,65535,65535,0,11341,1733020179.330031
19660,60000,55295,60000,60000,65535,65535,65535,5565,0,0,11670,4898,53864,59945,41007,887,23639,65535,65535,0,11120,1733020180.390232
19660,60000,55295,60000,60000,65535,65535,65535,5565,0,0,11341,4764,53945,59952,40998,886,23649,65535,65535,0,10861,1733020181.492696
19660,60000,55295,60000,60000,65535,65535,65535,5565,0,0,11120,4675,54025,59959,40988,886,23659,65535,65535,0,10710,1733020182.556692
19660,60000,55295,60000,60000,65535,65535,65535,5565,0,0,10860,4569,54105,59966,40979,885,23669,65535,65535,0,10520,1733020183.62748
19660,60000,55295,60000,60000,65535,65535,65535,5565,0,0,10709,4509,54185,59973,40970,885,23679,65535,65535,0,10439,1733020184.687539
19660,60000,55295,60000,60000,65535,65535,65535,5565,0,0,10519,4433,54265,59980,40961,884,23689,65535,65535,0,10319,1733020185.835653
19660,60000,55295,60000,60000,65535,65535,65535,5565,0,0,10439,4402,54345,59987,40952,884,23698,65535,65535,0,10309,1733020187.006473
19660,60000,55295,60000,60000,65535,65535,65535,5565,0,0,10319,4355,54425,59994,40943,883,23708,65535,65535,0,10259,1733020188.191393
19660,60000,55295,60000,60000,65535,65535,65535,5565,0,0,10309,4354,54504,60002,40933,883,23717,65535,65535,0,10329,1733020189.25241
19660,60000,55295,60000,60000,65535,65535,65535,5565,0,0,10259,4336,54584,60009,40924,882,23727,65535,65535,0,10349,1733020190.312336
19660,60000,55295,60000,60000,65535,65535,65535,5565,0,0,10329,4369,54663,60017,40916,881,23737,65535,65535,0,10499,1733020191.468072
19660,60000,55295,60000,60000,65535,65535,65535,5565,0,0,10349,4381,54743,60024,40907,881,23746,65535,65535,0,10808,1733020192.595677
19660,60000,55295,60000,60000,65535,65535,65535,5565,0,0,10498,4447,54822,60031,40898,880,23755,65535,65535,0,10978,1733020193.655602
19660,60000,55295,60000,60000,65535,65535,65535,5565,0,0,10807,4585,54980,60046,40880,879,23774,65535,65535,0,11267,1733020194.805562
19660,60000,55295,60000,60000,65535,65535,65535,5565,0,0,10977,4661,55059,60054,40871,879,23783,65535,65535,0,11517,1733020195.874563
19660,60000,55295,60000,60000,65535,65535,65535,5565,0,0,11267,4787,55138,60061,40863,878,23793,65535,65535,0,11877,1733020196.936061
19660,60000,55295,60000,60000,65535,65535,65535,5565,0,0,11517,4897,55217,60068,40854,878,23802,65535,65535,0,12197,1733020198.041007
19660,60000,55295,60000,60000,65535,65535,65535,5565,0,0,11877,5054,55296,60076,40845,877,23811,65535,65535,640,12637,1733020199.100649
19660,60000,55295,60000,60000,65535,65535,65535,5565,0,0,12197,5194,55374,60083,40837,877,23820,65535,65535,50559,13027,1733020200.163674
19660,60000,55295,60000,60000,65535,65535,65535,5565,640,2302,12637,5385,55452,60090,40828,876,23829,65535,65535,65535,13537,1733020201.223754
19660,60000,55295,60000,60000,65535,65535,65535,5565,50559,65535,13027,5555,55531,60097,40820,876,23838,65535,65535,65535,13997,1733020202.282275
19660,60000,55295,60000,60000,65535,65535,65535,5565,65535,65535,13537,5764,55600,60104,40811,875,23847,65535,65535,65535,14577,1733020203.390848
19660,60000,55295,60000,60000,65535,65535,65535,5565,65535,65535,13997,5946,55416,60111,40803,875,23856,65535,65535,65535,15107,1733020204.533128
19660,60000,55295,60000,60000,65535,65535,65535,5565,65535,65535,14577,6177,55159,60118,40789,874,23870,65535,65535,0,15757,1733020205.594608
19660,60000,55295,60000,60000,65535,65535,65535,5565,65535,65535,15106,6386,54896,60125,40785,874,23874,65535,65535,0,16356,1733020206.655418
19660,60000,55295,60000,60000,65535,65535,65535,5565,0,0,15757,6645,54641,60131,40777,873,23884,65535,65535,0,17067,1733020207.713446
19660,60000,55295,60000,60000,65535,65535,65535,5565,0,0,16356,6901,54402,60138,40768,873,23893,65535,65535,0,17736,1733020208.775337
19660,60000,55295,60000,60000,65535,65535,65535,5565,0,0,17067,7207,54481,60144,40759,872,23902,65535,65535,0,18507,1733020209.833762
19660,60000,55295,60000,60000,65535,65535,65535,5565,0,0,17736,7495,54560,60150,40750,872,23912,65535,65535,0,20117,1733020210.97816
19660,60000,55295,60000,60000,65535,65535,65535,5565,0,0,18507,7826,54719,60161,40733,871,23930,65535,65535,0,20896,1733020212.092995
19660,60000,55295,60000,60000,65535,65535,65535,5565,0,0,19236,8141,54798,60166,40724,870,23939,65535,65535,0,21837,1733020213.321839
19660,60000,55295,60000,60000,65535,65535,65535,5565,0,0,20896,8857,54955,60177,40707,869,23958,65535,65535,0,22666,1733020214.405955
19660,60000,55295,60000,60000,65535,65535,65535,5565,0,0,21836,9262,55034,60182,40698,869,23967,65535,65535,0,23656,1733020215.634249
19660,60000,55295,60000,60000,65535,65535,65535,5565,0,0,22666,9621,55112,60187,40690,868,23976,65535,65535,0,24536,1733020216.81987
19660,60000,55295,60000,60000,65535,65535,65535,5565,0,0,23656,10049,55190,60191,40681,868,23985,65535,65535,0,25566,1733020217.88807
19660,60000,55295,60000,60000,65535,65535,65535,5565,0,0,24536,10438,55268,60195,40673,867,23993,65535,65535,0,26486,1733020219.061194
19660,60000,55295,60000,60000,65535,65535,65535,5565,0,0,25566,10884,55346,60200,40664,867,24002,65535,65535,32640,28486,1733020220.182568
19660,60000,55295,60000,60000,65535,65535,65535,5565,0,0,26486,11284,55424,60204,40656,866,24011,65535,65535,65535,29646,1733020221.30915
19660,60000,55295,60000,60000,65535,65535,65535,5565,32640,65535,27566,11752,55501,60208,40648,866,24020,65535,65535,65535,30646,1733020222.45356
19660,60000,55295,60000,60000,65535,65535,65535,5565,65535,65535,29646,12601,55473,60215,40631,865,24038,65535,65535,65535,31796,1733020223.622301
19660,60000,55295,60000,60000,65535,65535,65535,5565,65535,65535,30645,12994,55214,60218,40623,864,24046,65535,65535,13693,32825,1733020224.822088
19660,60000,55295,60000,60000,65535,65535,65535,5565,65535,65535,31796,13449,54956,60221,40615,864,24055,65535,65535,0,34006,1733020225.892527
19660,60000,55295,60000,60000,65535,65535,65535,5565,13693,48764,32825,13850,54699,60224,40606,863,24064,65535,65535,0,35065,1733020227.018495
19660,60000,55295,60000,60000,65535,65535,65535,5565,0,0,34006,14348,54455,60226,40598,863,24073,65535,65535,0,36266,1733020228.080591
19660,60000,55295,60000,60000,65535,65535,65535,5565,0,0,35065,14805,54467,60228,40589,862,24082,65535,65535,0,37345,1733020229.145897
19660,60000,55295,60000,60000,65535,65535,65535,5565,0,0,36266,15323,54546,60230,40580,862,24091,65535,65535,0,38566,1733020230.217901
19660,60000,55295,60000,60000,65535,65535,65535,5565,0,0,37345,15791,54624,60231,40572,861,24100,65535,65535,0,39655,1733020231.344156
19660,60000,55295,60000,60000,65535,65535,65535,5565,0,0,38566,16319,54702,60232,40563,861,24109,65535,65535,0,41985,1733020232.488482
19660,60000,55295,60000,60000,65535,65535,65535,5565,0,0,39655,16792,54780,60233,40555,860,24118,65535,65535,0,43226,1733020233.699446
19660,60000,55295,60000,60000,65535,65535,65535,5565,0,0,41984,17805,54858,60234,40547,860,24127,65535,65535,0,44334,1733020234.801377
19660,60000,55295,60000,60000,65535,65535,65535,5565,0,0,43225,18345,55013,60235,40530,859,24145,65535,65535,0,45575,1733020235.929901
19660,60000,55295,60000,60000,65535,65535,65535,5565,0,0,44334,18829,55090,60235,40522,858,24154,65535,65535,0,46684,1733020236.98927
19660,60000,55295,60000,60000,65535,65535,65535,5565,0,0,45575,19370,55167,60234,40513,858,24163,65535,65535,0,47915,1733020238.047274
19660,60000,55295,60000,60000,65535,65535,65535,5565,0,0,46684,19855,55244,60234,40505,857,24171,64560,65535,0,49024,1733020239.232735
19660,60000,55295,60000,60000,65535,65535,65535,5565,0,0,47915,20394,55320,60233,40497,857,24180,61865,65535,16000,50245,1733020240.292474
19660,60000,55295,60000,60000,64560,65535,65535,5565,0,0,49024,20881,55397,60232,40489,856,24189,58455,65535,65279,51344,1733020241.353805
19660,60000,55295,60000,60000,61864,65535,65535,5565,16000,57569,50245,21416,55473,60230,40481,856,24197,53084,65535,65535,52545,1733020242.41274
19660,60000,55295,60000,60000,58455,65535,65535,5565,65279,65535,51344,21882,55543,60229,40473,855,24205,47345,65535,65535,53634,1733020243.503794
19660,60000,55295,60000,60000,53084,65535,65535,5565,65535,65535,52545,22341,55518,60227,40466,855,24212,39679,65535,65535,54815,1733020244.616021
19660,60000,55295,60000,60000,47345,60645,65535,5565,65535,65535,53634,22743,55244,60224,40460,855,24219,31930,65535,32896,55874,1733020245.680277
19660,60000,55295,60000,60000,39679,50825,65535,5565,65535,65535,54815,23180,54961,60222,40456,854,24223,22079,65535,0,57035,1733020246.908971
19660,60000,55295,60000,60000,31930,40899,65535,5565,32896,65535,55874,23559,54667,60219,40453,854,24226,324,65535,0,59195,1733020248.053363
19660,60000,55295,60000,60000,22079,28281,65535,5565,0,0,57035,24011,54368,60216,40453,854,24227,0,65535,0,60184,1733020249.115334
19660,60000,55295,60000,60000,324,415,65535,5565,0,0,59195,24912,54217,60208,40459,855,24220,0,65535,0,61275,1733020250.185904
19660,60000,55295,60000,60000,0,0,65535,5565,0,0,60184,25318,54195,60204,40467,855,24212,0,65535,0,62224,1733020251.439899
19660,60000,55295,60000,60000,0,0,65535,5565,0,0,61274,25767,54153,60200,40477,856,24201,0,65535,0,63274,1733020252.643666
19660,60000,55295,60000,60000,0,0,65535,5565,0,0,62223,26155,54068,60191,40499,857,24178,0,65535,0,64133,1733020253.768841
19660,60000,55295,60000,60000,0,0,65535,5565,0,0,63274,26585,54025,60186,40509,858,24167,0,65535,0,65134,1733020255.005897
19660,60000,55295,60000,60000,0,0,65535,5565,0,0,64133,26935,53983,60181,40520,858,24155,0,65535,0,65535,1733020256.078649
19660,60000,55295,60000,60000,0,0,65535,5565,0,0,65134,27345,53940,60175,40531,859,24144,0,65535,0,65535,1733020257.162069
19660,60000,55295,60000,60000,0,0,65535,5565,0,0,65535,27502,53897,60169,40542,860,24132,0,65535,0,65535,1733020258.2377
19660,60000,55295,60000,60000,0,0,65535,5565,0,0,65535,27490,53855,60164,40552,860,24121,0,65535,0,65535,1733020259.402137
19660,60000,55295,60000,60000,0,0,65535,5565,0,0,65535,27457,53770,60152,40574,862,24098,0,65535,0,65535,1733020260.610088
19660,60000,55295,60000,60000,0,0,65535,5565,0,0,65535,27445,53728,60146,40585,862,24087,0,65535,0,65535,1733020261.792905
19660,60000,55295,60000,60000,0,0,65535,5565,0,0,65535,27434,53685,60140,40595,863,24075,0,65535,0,65535,1733020262.920819
19660,60000,55295,60000,60000,0,0,65535,5565,0,0,65535,27423,53642,60135,40606,864,24063,0,65535,0,65535,1733020263.99987
19660,60000,55295,60000,60000,0,0,65535,5565,0,0,65535,27412,53600,60129,40617,864,24052,0,65535,0,65535,1733020265.114555
19660,60000,55295,60000,60000,0,0,65535,5565,0,0,65535,27400,53558,60123,40628,865,24041,0,65535,0,65535,1733020266.291538
19660,60000,55295,60000,60000,0,0,65535,5565,0,0,65535,27389,53516,60117,40639,866,24029,0,65535,0,65535,1733020267.463178
19660,60000,55295,60000,60000,0,0,65535,5565,0,0,65535,27378,53474,60111,40650,866,24018,0,65535,0,65535,1733020268.571705
19660,60000,55295,60000,60000,0,0,65535,5565,0,0,65535,27367,53432,60105,40661,867,24006,0,65535,0,65535,1733020269.635202
19660,60000,55295,60000,60000,0,0,65535,5565,0,0,65535,27356,53390,60100,40671,867,23995,0,65535,0,65535,1733020270.762887
19660,60000,55295,60000,60000,0,0,65535,5565,0,0,65535,27333,53306,60088,40693,869,23972,0,65535,0,65535,1733020271.914181
19660,60000,55295,60000,60000,0,0,65535,5565,0,0,65535,27322,53264,60082,40704,869,23960,0,65535,0,65535,1733020272.974938
19660,60000,55295,60000,60000,0,0,65535,5565,0,0,65535,27311,53223,60076,40715,870,23948,0,65535,0,65535,1733020274.250472
19660,60000,55295,60000,60000,0,0,65535,5565,0,0,65535,27300,53181,60070,40726,871,23937,0,65535,0,65535,1733020275.311987
19660,60000,55295,60000,60000,0,0,65535,5565,0,0,65535,27289,53140,60064,40737,871,23925,0,65535,0,65535,1733020276.563568
19660,60000,55295,60000,60000,0,0,65535,5565,0,0,65535,27278,53098,60059,40748,872,23914,0,65535,0,65535,1733020277.732467
19660,60000,55295,60000,60000,0,0,65535,5565,0,0,65535,27267,53057,60053,40759,873,23902,0,65535,0,65535,1733020278.960938
19660,60000,55295,60000,60000,0,0,65535,5565,0,0,65535,27245,52974,60041,40780,874,23879,0,65535,0,65535,1733020280.087136
19660,60000,55295,60000,60000,0,0,65535,5565,0,0,65535,27234,52933,60035,40791,875,23867,0,65535,0,65535,1733020281.316165
19660,60000,55295,60000,60000,0,0,65535,5565,0,0,65535,27223,52891,60029,40802,875,23856,0,65535,0,65535,1733020282.441894
19660,60000,55295,60000,60000,0,0,65535,5565,0,0,65535,27212,52850,60023,40813,876,23844,0,65535,0,65535,1733020283.629146
19660,60000,55295,60000,60000,0,0,65535,5565,0,0,65535,27201,52809,60017,40824,877,23833,0,65535,0,65535,1733020284.90028
19660,60000,55295,60000,60000,0,0,65535,5565,0,0,65535,27190,52768,60011,40835,877,23821,0,65535,0,65535,1733020286.129124
19660,60000,55295,60000,60000,0,0,65535,5565,0,0,65535,27168,52686,60000,40857,879,23798,0,65535,0,65535,1733020287.359299
19660,60000,55295,60000,60000,0,0,65535,5565,0,0,65535,27157,52645,59994,40868,879,23786,0,65535,0,65475,1733020288.419889
19660,60000,55295,60000,60000,0,0,65535,5565,0,0,65535,27146,52604,59988,40879,880,23774,0,65535,0,65415,1733020289.479442
19660,60000,55295,60000,60000,0,0,65535,5565,0,0,65475,27110,52563,59982,40890,881,23763,0,65535,0,65295,1733020290.539798
19660,60000,55295,60000,60000,0,0,65535,5565,0,0,65415,27074,52522,59976,40901,881,23751,0,65535,0,65175,1733020291.612691
19660,60000,55295,60000,60000,0,0,65535,5565,0,0,65295,27014,52482,59970,40912,882,23739,0,65535,0,64995,1733020292.682745
19660,60000,55295,60000,60000,0,0,65535,5565,0,0,65175,26953,52401,59958,40934,883,23716,0,65535,0,64755,1733020293.809196
19660,60000,55295,60000,60000,0,0,65535,5565,0,0,64995,26868,52360,59952,40945,884,23704,0,65535,0,64515,1733020294.936577
19660,60000,55295,60000,60000,0,0,65535,5565,0,0,64755,26758,52320,59947,40956,885,23692,0,65535,0,64225,1733020296.062235
19660,60000,55295,60000,60000,0,0,65535,5565,0,0,64515,26648,52279,59941,40967,885,23681,0,65535,0,63925,1733020297.164475
19660,60000,55295,60000,60000,0,0,65535,5565,0,0,64225,26518,52239,59935,40979,886,23669,0,65535,0,63575,1733020298.22602
19660,60000,55295,60000,60000,0,0,65535,5565,0,0,63925,26372,52199,59930,40990,887,23657,0,65535,0,62815,1733020299.314191
19660,60000,55295,60000,60000,0,0,65535,5565,0,0,63575,26218,52158,59924,41001,887,23646,0,65535,0,62405,1733020300.436232
19660,60000,55295,60000,60000,0,0,65535,5565,0,0,63225,26063,52118,59918,41012,888,23634,0,65535,0,61945,1733020301.549687
19660,60000,55295,60000,60000,0,0,65535,5565,0,0,62404,25704,52038,59907,41034,889,23610,0,65535,0,61474,1733020302.616204
19660,60000,55295,60000,60000,0,0,65535,5565,0,0,61944,25505,51998,59902,41045,890,23598,0,65535,0,60964,1733020303.743675
19660,60000,55295,60000,60000,0,0,65535,5565,0,0,61473,25301,51959,59897,41056,891,23587,0,65535,0,60443,1733020304.928545
19660,60000,55295,60000,60000,0,0,65535,5565,0,0,60963,25081,51919,59892,41068,891,23575,0,65535,0,59883,1733020306.199695
19660,60000,55295,60000,60000,0,0,65535,5565,0,0,60442,24856,51879,59887,41079,892,23563,0,65535,0,59312,1733020307.430573
19660,60000,55295,60000,60000,0,0,65535,5565,0,0,59883,24616,51839,59882,41090,892,23551,0,65535,0,58082,1733020308.53104
19660,60000,55295,60000,60000,0,0,65535,5565,0,0,59312,24372,51800,59877,41101,893,23539,0,65535,0,57423,1733020309.592881
19660,60000,55295,60000,60000,0,0,65535,5565,0,0,58703,24112,51761,59872,41112,894,23527,0,65535,0,56762,1733020310.765731
19660,60000,55295,60000,60000,0,0,65535,5565,0,0,57423,23568,51682,59863,41135,895,23504,0,65535,0,56053,1733020312.036631
19660,60000,55295,60000,60000,0,0,65535,5565,0,0,56762,23287,51643,59859,41146,896,23492,0,65535,0,55352,1733020313.181182
19660,60000,55295,60000,60000,0,0,65535,5565,0,0,56053,22987,51604,59855,41157,896,23480,0,65535,0,54603,1733020314.242648
19660,60000,55295,60000,60000,0,0,65535,5565,0,0,55352,22691,51565,59851,41168,897,23468,0,65535,0,53862,1733020315.315745
19660,60000,55295,60000,60000,0,0,65535,5565,0,0,54603,22375,51526,59847,41179,898,23456,0,65535,0,53073,1733020316.376411
19660,60000,55295,60000,60000,0,0,65535,5565,0,0,53862,22063,51487,59843,41191,898,23444,0,65535,0,52292,1733020317.437819
19660,60000,55295,60000,60000,0,0,65535,5565,0,0,53073,21731,51448,59840,41202,899,23432,0,65535,0,51473,1733020318.497711
19660,60000,55295,60000,60000,0,0,65535,5565,0,0,52292,21403,51410,59836,41213,900,23421,0,65535,0,50652,1733020319.614654
19660,60000,55295,60000,60000,0,0,65535,5565,0,0,51473,21059,51371,59833,41224,900,23409,0,65535,0,49803,1733020320.740559
19660,60000,55295,60000,60000,0,0,65535,5565,0,0,50652,20715,51333,59830,41236,901,23397,0,65535,0,48073,1733020321.866924
19660,60000,55295,60000,60000,0,0,65535,5565,0,0,49803,20360,51294,59827,41247,902,23385,0,65535,0,47202,1733020322.926724
19660,60000,55295,60000,60000,0,0,65535,5565,0,0,48952,20005,51256,59825,41258,902,23373,110,65535,0,46293,1733020324.077731
19660,60000,55295,60000,60000,0,0,65535,5565,0,0,48073,19638,51218,59822,41270,903,23361,1925,65535,0,45402,1733020325.248489
19660,60000,55295,60000,60000,110,140,65535,5565,0,0,46293,18896,51142,59818,41292,904,23337,3930,65535,0,44473,1733020326.452207
19660,60000,55295,60000,60000,1924,2465,65535,5565,0,0,45402,18525,51104,59816,41304,905,23325,7599,65535,0,43562,1733020327.613853
19660,60000,55295,60000,60000,3930,5034,65535,5565,0,0,44473,18140,51067,59814,41315,906,23313,11530,65535,0,42613,1733020328.719305
19660,60000,55295,60000,60000,7598,9733,65535,5565,0,0,43561,17763,51033,59813,41325,906,23302,17083,65535,0,41691,1733020329.781365
19660,60000,55295,60000,60000,11530,14769,65535,5565,0,0,42612,17372,51004,59812,41335,907,23291,22970,65535,0,40732,1733020330.841621
19660,60000,55295,60000,60000,17083,21881,65535,5565,0,0,41691,16993,50982,59811,41344,907,23282,30418,65535,0,39801,1733020331.907221
19660,60000,55295,60000,60000,22970,29422,65535,5565,0,0,40732,16601,50967,59810,41351,908,23275,38265,65535,0,38832,1733020332.979472
19660,60000,55295,60000,60000,30417,38963,65535,5565,0,0,39801,16223,50962,59809,41356,908,23269,47602,65535,0,37891,1733020334.114334
19660,60000,55295,60000,60000,38265,49014,65535,5565,0,0,38832,15831,50969,59809,41359,908,23266,65535,65535,0,35981,1733020335.387527
19660,60000,55295,60000,60000,57410,65535,65535,5565,0,0,37891,15453,50989,59809,41360,908,23266,65535,65535,0,35012,1733020336.493256
19660,60000,55295,60000,60000,65535,65535,65535,5565,0,0,35981,14692,51147,59809,41343,907,23283,65535,65535,0,34071,1733020337.717189
19660,60000,55295,60000,60000,65535,65535,65535,5565,0,0,35012,14308,51229,59810,41332,906,23295,65535,65535,0,33112,1733020338.981066
19660,60000,55295,60000,60000,65535,65535,65535,5565,0,0,34071,13935,51311,59811,41321,906,23306,65535,65535,0,32181,1733020340.095474
19660,60000,55295,60000,60000,65535,65535,65535,5565,0,0,33112,13554,51394,59812,41311,905,23318,65535,65535,0,31232,1733020341.32301
19660,60000,55295,60000,60000,65535,65535,65535,5565,0,0,32181,13184,51476,59814,41300,904,23329,65535,65535,0,29382,1733020342.552065
19660,60000,55295,60000,60000,65535,65535,65535,5565,0,0,30320,12453,51640,59817,41278,903,23352,65535,65535,0,28490,1733020343.793019
19660,60000,55295,60000,60000,65535,65535,65535,5565,0,0,29382,12077,51722,59819,41268,902,23363,65535,65535,0,27572,1733020344.907307
19660,60000,55295,60000,60000,65535,65535,65535,5565,0,0,28490,11720,51804,59821,41257,902,23375,65535,65535,0,26700,1733020346.033702
19660,60000,55295,60000,60000,65535,65535,65535,5565,0,0,27572,11352,51886,59823,41246,901,23386,65535,65535,0,25802,1733020347.26281
19660,60000,55295,60000,60000,65535,65535,65535,5565,0,0,26700,11002,51968,59826,41236,900,23397,65535,65535,0,24960,1733020348.425852
19660,60000,55295,60000,60000,65535,65535,65535,5565,0,0,25802,10640,52050,59829,41225,900,23408,65535,65535,0,23280,1733020349.503097
19660,60000,55295,60000,60000,65535,65535,65535,5565,0,0,24960,10302,52131,59832,41215,899,23419,65535,65535,0,22442,1733020350.663579
19660,60000,55295,60000,60000,65535,65535,65535,5565,0,0,24092,9951,52213,59835,41205,899,23430,65535,65535,0,21660,1733020351.786278
19660,60000,55295,60000,60000,65535,65535,65535,5565,0,0,22442,9285,52376,59842,41194,898,23441,65535,65535,0,20862,1733020352.997103
19660,60000,55295,60000,60000,65535,65535,65535,5565,0,0,21659,8968,52458,59846,41174,897,23463,65535,65535,0,20119,1733020354.225934
19660,60000,55295,60000,60000,65535,65535,65535,5565,0,0,20862,8645,52539,59850,41164,896,23474,65535,65535,0,19362,1733020355.28663
19660,60000,55295,60000,60000,65535,65535,65535,5565,0,0,20119,8344,52621,59854,41154,895,23485,65535,65535,0,18659,1733020356.348263
19660,60000,55295,60000,60000,65535,65535,65535,5565,0,0,19362,8036,52702,59859,41144,895,23495,65535,65535,0,17952,1733020357.503122
19660,60000,55295,60000,60000,65535,65535,65535,5565,0,0,18659,7751,52783,59863,41134,894,23506,65535,65535,0,17289,1733020358.564517
19660,60000,55295,60000,60000,65535,65535,65535,5565,0,0,17952,7463,52865,59868,41124,894,23516,65535,65535,0,16632,1733020359.653701
19660,60000,55295,60000,60000,65535,65535,65535,5565,0,0,17289,7193,52946,59873,41114,893,23527,65535,65535,0,16019,1733020360.793084
19660,60000,55295,60000,60000,65535,65535,65535,5565,0,0,16632,6925,53027,59878,41104,892,23537,65535,65535,0,14859,1733020361.906169
19660,60000,55295,60000,60000,65535,65535,65535,5565,0,0,16019,6675,53108,59884,41094,892,23548,65535,65535,0,14301,1733020363.156575
19660,60000,55295,60000,60000,65535,65535,65535,5565,0,0,14859,6202,53270,59895,41074,891,23569,65535,65535,0,13809,1733020364.220693
19660,60000,55295,60000,60000,65535,65535,65535,5565,0,0,14301,5973,53351,59901,41065,890,23579,65535,65535,0,13311,1733020365.406616
19660,60000,55295,60000,60000,65535,65535,65535,5565,0,0,13809,5772,53431,59907,41055,889,23589,65535,65535,0,12879,1733020366.514094
19660,60000,55295,60000,60000,65535,65535,65535,5565,0,0,13311,5569,53512,59913,41046,889,23599,65535,65535,0,12441,1733020367.742763
19660,60000,55295,60000,60000,65535,65535,65535,5565,0,0,12879,5392,53593,59920,41036,888,23609,65535,65535,0,12079,1733020368.803805
19660,60000,55295,60000,60000,65535,65535,65535,5565,0,0,12441,5213,53673,59926,41027,888,23619,65535,65535,0,11701,1733020369.864782
19660,60000,55295,60000,60000,65535,65535,65535,5565,0,0,12079,5065,53754,59933,41017,887,23629,65535,65535,0,11409,1733020371.123065
19660,60000,55295,60000,60000,65535,65535,65535,5565,0,0,11701,4910,53834,59939,41008,886,23639,65535,65535,0,10869,1733020372.223767
19660,60000,55295,60000,60000,65535,65535,65535,5565,0,0,11409,4791,53914,59946,40998,886,23649,65535,65535,0,10621,1733020373.376511
19660,60000,55295,60000,60000,65535,65535,65535,5565,0,0,10868,4572,54075,59960,40980,885,23669,65535,65535,0,10468,1733020374.561542
19660,60000,55295,60000,60000,65535,65535,65535,5565,0,0,10620,4471,54155,59967,40970,884,23679,65535,65535,0,10290,1733020375.645003
19660,60000,55295,60000,60000,65535,65535,65535,5565,0,0,10468,4410,54235,59974,40961,884,23689,65535,65535,0,10208,1733020376.754724
19660,60000,55295,60000,60000,65535,65535,65535,5565,0,0,10290,4338,54315,59982,40952,883,23698,65535,65535,0,10110,1733020377.940683
19660,60000,55295,60000,60000,65535,65535,65535,5565,0,0,10208,4307,54395,59989,40943,883,23708,65535,65535,0,10098,1733020379.225176
19660,60000,55295,60000,60000,65535,65535,65535,5565,0,0,10110,4269,54474,59996,40934,882,23718,65535,65535,0,10070,1733020380.440378
19660,60000,55295,60000,60000,65535,65535,65535,5565,0,0,10098,4267,54634,60011,40916,881,23737,65535,65535,0,10250,1733020381.543662
19660,60000,55295,60000,60000,65535,65535,65535,5565,0,0,10208,4320,54792,60026,40898,880,23755,65535,65535,0,10468,1733020382.781845
19660,60000,55295,60000,60000,65535,65535,65535,5565,0,0,10250,4341,54872,60033,40889,879,23765,65535,65535,0,10580,1733020384.024648
19660,60000,55295,60000,60000,65535,65535,65535,5565,0,0,10468,4436,54951,60041,40880,879,23774,65535,65535,0,10878,1733020385.151525
19660,60000,55295,60000,60000,65535,65535,65535,5565,0,0,10579,4487,55030,60048,40872,878,23783,65535,65535,0,11059,1733020386.379809
19660,60000,55295,60000,60000,65535,65535,65535,5565,0,0,10877,4621,55109,60056,40863,878,23793,65535,65535,0,11689,1733020387.622043
19660,60000,55295,60000,60000,65535,65535,65535,5565,0,0,11059,4701,55187,60063,40854,877,23802,65535,65535,0,12147,1733020388.715828
19660,60000,55295,60000,60000,65535,65535,65535,5565,0,0,11689,4976,55345,60078,40846,877,23811,65535,65535,32000,12469,1733020389.776269
19660,60000,55295,60000,60000,65535,65535,65535,5565,0,0,12147,5175,55424,60085,40828,876,23829,65535,65535,65535,12997,1733020390.839219
19660,60000,55295,60000,60000,65535,65535,65535,5565,32000,65535,12469,5316,55502,60093,40820,875,23838,65535,65535,65535,13399,1733020391.901957
19660,60000,55295,60000,60000,65535,65535,65535,5565,65535,65535,12997,5537,55571,60100,40811,875,23847,65535,65535,65535,13997,1733020392.993884
19660,60000,55295,60000,60000,65535,65535,65535,5565,65535,65535,13399,5695,55475,60107,40803,874,23856,65535,65535,65535,14469,1733020394.264684
19660,60000,55295,60000,60000,65535,65535,65535,5565,65535,65535,13997,5934,55217,60114,40794,874,23865,65535,65535,15616,15137,1733020395.370888
19660,60000,55295,60000,60000,65535,65535,65535,5565,65535,65535,14469,6120,54961,60121,40786,873,23874,65535,65535,0,16406,1733020396.950672
19660,60000,55295,60000,60000,65535,65535,65535,5565,0,0,15679,6615,54464,60134,40768,872,23893,65535,65535,0,17019,1733020399.107895
19660,60000,55295,60000,60000,65535,65535,65535,5565,0,0,17019,7191,54548,60146,40751,871,23912,65535,65535,0,18479,1733020400.306336
19660,60000,55295,60000,60000,65535,65535,65535,5565,0,0,17806,7529,54628,60152,40742,871,23921,65535,65535,0,19326,1733020401.535251
19660,60000,55295,60000,60000,65535,65535,65535,5565,0,0,18479,7820,54707,60158,40733,870,23930,65535,65535,0,20059,1733020402.764046
19660,60000,55295,60000,60000,65535,65535,65535,5565,0,0,19326,8184,54786,60163,40725,870,23939,65535,65535,0,20956,1733020403.993132
19660,60000,55295,60000,60000,65535,65535,65535,5565,0,0,20059,8501,54865,60169,40716,869,23948,65535,65535,0,22696,1733020405.179244
19660,60000,55295,60000,60000,65535,65535,65535,5565,0,0,21748,9231,55022,60179,40699,868,23967,65535,65535,0,23538,1733020406.465155
19660,60000,55295,60000,60000,65535,65535,65535,5565,0,0,22696,9640,55100,60184,40690,868,23976,65535,65535,0,24536,1733020408.036123
19660,60000,55295,60000,60000,65535,65535,65535,5565,0,0,23538,10005,55178,60189,40682,867,23985,65535,65535,0,26466,1733020409.095983
19660,60000,55295,60000,60000,65535,65535,65535,5565,0,0,24536,10437,55257,60193,40673,867,23993,65535,65535,24960,27408,1733020410.341623
19660,60000,55295,60000,60000,65535,65535,65535,5565,0,0,26466,11274,55412,60202,40657,866,24011,65535,65535,65535,28486,1733020411.572695
19660,60000,55295,60000,60000,65535,65535,65535,5565,24960,65535,27408,11684,55490,60206,40648,865,24020,65535,65535,65535,29468,1733020412.799322
19660,60000,55295,60000,60000,65535,65535,65535,5565,65535,65535,28486,12138,55560,60210,40640,865,24029,65535,65535,65535,30586,1733020414.028261
19660,60000,55295,60000,60000,65535,65535,65535,5565,65535,65535,29468,12527,55498,60213,40632,864,24037,65535,65535,65535,31598,1733020415.169631
19660,60000,55295,60000,60000,65535,65535,65535,5565,65535,65535,30585,12971,55239,60216,40623,864,24046,65535,65535,29696,33788,1733020416.346041
19660,60000,55295,60000,60000,65535,65535,65535,5565,65535,65535,31598,13368,54981,60219,40615,863,24055,65535,65535,0,34965,1733020417.40902
19660,60000,55295,60000,60000,65535,65535,65535,5565,29696,65535,32745,13819,54724,60222,40607,863,24064,65535,65535,0,36028,1733020418.528197
19660,60000,55295,60000,60000,65535,65535,65535,5565,0,0,34965,14755,54414,60226,40589,862,24082,65535,65535,0,37225,1733020419.589073
19660,60000,55295,60000,60000,65535,65535,65535,5565,0,0,36028,15215,54492,60228,40581,861,24091,65535,65535,0,38308,1733020420.684428
19660,60000,55295,60000,60000,65535,65535,65535,5565,0,0,37225,15732,54649,60231,40564,860,24109,65535,65535,0,39535,1733020421.790248
19660,60000,55295,60000,60000,65535,65535,65535,5565,0,0,38308,16202,54727,60232,40555,860,24118,65535,65535,0,40628,1733020422.955105
19660,60000,55295,60000,60000,65535,65535,65535,5565,0,0,39535,16733,54805,60232,40547,859,24127,65535,65535,0,41855,1733020424.021335
19660,60000,55295,60000,60000,65535,65535,65535,5565,0,0,40628,17209,54882,60233,40539,859,24136,65535,65535,0,42958,1733020425.147418
19660,60000,55295,60000,60000,65535,65535,65535,5565,0,0,41855,17741,54960,60233,40530,858,24145,65535,65535,0,44185,1733020426.205074
19660,60000,55295,60000,60000,65535,65535,65535,5565,0,0,42957,18236,55037,60233,40522,858,24154,65535,65535,0,45287,1733020427.264938
19660,60000,55295,60000,60000,65535,65535,65535,5565,0,0,44185,18770,55114,60233,40514,857,24163,65535,65535,0,46515,1733020428.324974
19660,60000,55295,60000,60000,65535,65535,65535,5565,0,0,45287,19252,55191,60233,40505,857,24171,65535,65535,0,47617,1733020429.383925
19660,60000,55295,60000,60000,65535,65535,65535,5565,0,0,46515,19788,55332,60231,40497,856,24180,64895,65535,23680,48825,1733020430.514785
19660,60000,55295,60000,60000,65535,65535,65535,5565,0,0,47617,20272,55409,60230,40489,856,24189,62475,65535,65535,49917,1733020431.641571
19660,60000,55295,60000,60000,64895,65535,65535,5565,23680,65535,48825,20801,55485,60229,40481,855,24197,54485,65535,65535,52187,1733020432.76923
19660,60000,55295,60000,60000,62475,65535,65535,5565,65535,65535,49917,21258,55451,60227,40473,855,24206,48915,65535,10493,53375,1733020433.996114
19660,60000,55295,60000,60000,54485,65535,65535,5565,65535,65535,52187,22114,54938,60223,40458,854,24222,42215,65535,0,54417,1733020435.098645
19660,60000,55295,60000,60000,48915,62656,65535,5565,10493,37430,53375,22557,54660,60221,40452,854,24228,34430,65535,0,55585,1733020436.160233
19660,60000,55295,60000,60000,42214,54074,65535,5565,0,0,54417,22994,54623,60218,40447,853,24233,25544,65535,0,56597,1733020437.219574
19660,60000,55295,60000,60000,34430,44102,65535,5565,0,0,55585,23495,54651,60215,40444,853,24237,15255,65535,0,57735,1733020438.31484
19660,60000,55295,60000,60000,25544,32719,65535,5565,0,0,56597,23927,54671,60212,40443,853,24238,4209,65535,0,58717,1733020439.443712
19660,60000,55295,60000,60000,15254,19540,65535,5565,0,0,57735,24408,54675,60208,40444,853,24237,0,65535,0,59815,1733020440.652317
19660,60000,55295,60000,60000,4209,5391,65535,5565,0,0,58717,24819,54660,60204,40448,853,24233,0,65535,0,60757,1733020441.779006
19660,60000,55295,60000,60000,0,0,65535,5565,0,0,59815,25275,54624,60200,40454,854,24225,0,65535,0,61815,1733020442.837705
19660,60000,55295,60000,60000,0,0,65535,5565,0,0,60756,25662,54581,60196,40464,854,24215,0,65535,0,63724,1733020443.989696
19660,60000,55295,60000,60000,0,0,65535,5565,0,0,61814,26099,54538,60191,40475,855,24204,0,65535,0,64586,1733020445.169274
19660,60000,55295,60000,60000,0,0,65535,5565,0,0,63724,26882,54452,60182,40496,856,24181,0,65535,0,65535,1733020446.386979
19660,60000,55295,60000,60000,0,0,65535,5565,0,0,64586,27235,54408,60176,40507,857,24170,0,65535,0,65535,1733020447.523889
19660,60000,55295,60000,60000,0,0,65535,5565,0,0,65535,27624,54365,60171,40518,858,24158,0,65535,0,65535,1733020448.638774
19660,60000,55295,60000,60000,0,0,65535,5565,0,0,65535,27612,54322,60165,40528,858,24147,0,65535,0,65535,1733020449.708592
19660,60000,55295,60000,60000,0,0,65535,5565,0,0,65535,27601,54279,60159,40539,859,24135,0,65535,0,65535,1733020450.850739
19660,60000,55295,60000,60000,0,0,65535,5565,0,0,65535,27589,54236,60154,40550,860,24124,0,65535,0,65535,1733020451.910965
19660,60000,55295,60000,60000,0,0,65535,5565,0,0,65535,27578,54193,60148,40561,860,24113,0,65535,0,65535,1733020452.989234
19660,60000,55295,60000,60000,0,0,65535,5565,0,0,65535,27567,54150,60142,40571,861,24101,0,65535,0,65535,1733020454.05962
19660,60000,55295,60000,60000,0,0,65535,5565,0,0,65535,27555,54107,60136,40582,862,24090,0,65535,0,65535,1733020455.427948
19660,60000,55295,60000,60000,0,0,65535,5565,0,0,65535,27544,54064,60131,40593,862,24078,0,65535,0,65535,1733020456.558165
19660,60000,55295,60000,60000,0,0,65535,5565,0,0,65535,27521,53978,60119,40615,864,24055,0,65535,0,65535,1733020457.717715
19660,60000,55295,60000,60000,0,0,65535,5565,0,0,65535,27510,53936,60113,40625,864,24044,0,65535,0,65535,1733020458.893968
19660,60000,55295,60000,60000,0,0,65535,5565,0,0,65535,27499,53893,60108,40636,865,24032,0,65535,0,65535,1733020459.995251
19660,60000,55295,60000,60000,0,0,65535,5565,0,0,65535,27487,53850,60102,40647,866,24021,0,65535,0,65535,1733020461.19333
19660,60000,55295,60000,60000,0,0,65535,5565,0,0,65535,27476,53808,60096,40658,866,24009,0,65535,0,65535,1733020462.36156
19660,60000,55295,60000,60000,0,0,65535,5565,0,0,65535,27465,53766,60090,40669,867,23998,0,65535,0,65535,1733020463.590486
19660,60000,55295,60000,60000,0,0,65535,5565,0,0,65535,27454,53723,60085,40680,868,23986,0,65535,0,65535,1733020464.819841
19660,60000,55295,60000,60000,0,0,65535,5565,0,0,65535,27431,53596,60067,40712,870,23952,0,65535,0,65535,1733020465.94579
19660,60000,55295,60000,60000,0,0,65535,5565,0,0,65535,27420,53554,60061,40723,870,23940,0,65535,0,65535,1733020467.174612
19660,60000,55295,60000,60000,0,0,65535,5565,0,0,65535,27409,53512,60056,40734,871,23929,0,65535,0,65535,1733020468.277754
19660,60000,55295,60000,60000,0,0,65535,5565,0,0,65535,27397,53470,60050,40745,872,23917,0,65535,0,65535,1733020469.352431
19660,60000,55295,60000,60000,0,0,65535,5565,0,0,65535,27386,53428,60044,40756,872,23905,0,65535,0,65535,1733020470.451211
19660,60000,55295,60000,60000,0,0,65535,5565,0,0,65535,27364,53386,60038,40767,873,23894,0,65535,0,65535,1733020471.577975
19660,60000,55295,60000,60000,0,0,65535,5565,0,0,65535,27353,53344,60032,40778,874,23882,0,65535,0,65535,1733020472.726813
19660,60000,55295,60000,60000,0,0,65535,5565,0,0,65535,27341,53302,60026,40789,874,23871,0,65535,0,65535,1733020473.932854
19660,60000,55295,60000,60000,0,0,65535,5565,0,0,65535,27319,53260,60021,40800,875,23859,0,65535,0,65535,1733020475.059296
19660,60000,55295,60000,60000,0,0,65535,5565,0,0,65535,27308,53177,60009,40822,876,23836,0,65535,0,65535,1733020476.187269
19660,60000,55295,60000,60000,0,0,65535,5565,0,0,65535,27297,53170,60008,40833,877,23824,0,65535,0,65535,1733020477.247401
19660,60000,55295,60000,60000,0,0,65535,5565,0,0,65535,27286,53128,60002,40843,877,23813,0,65535,0,65535,1733020478.309585
19660,60000,55295,60000,60000,0,0,65535,5565,0,0,65535,27275,53087,59996,40854,878,23801,0,65535,0,65495,1733020479.463055
19660,60000,55295,60000,60000,0,0,65535,5565,0,0,65535,27264,53045,59990,40865,879,23789,0,65535,0,65435,1733020480.606985
19660,60000,55295,60000,60000,0,0,65535,5565,0,0,65495,27236,53004,59984,40876,879,23778,0,65535,0,65335,1733020481.733084
19660,60000,55295,60000,60000,0,0,65535,5565,0,0,65435,27200,52963,59979,40888,880,23766,0,65535,0,65225,1733020482.923442
19660,60000,55295,60000,60000,0,0,65535,5565,0,0,65335,27147,52921,59973,40899,881,23754,0,65535,0,64895,1733020484.091533
19660,60000,55295,60000,60000,0,0,65535,5565,0,0,65225,27091,52880,59967,40910,881,23742,0,65535,0,64675,1733020485.299399
19660,60000,55295,60000,60000,0,0,65535,5565,0,0,64895,26932,52798,59955,40932,883,23719,0,65535,0,64445,1733020486.528434
19660,60000,55295,60000,60000,0,0,65535,5565,0,0,64675,26830,52757,59949,40943,883,23707,0,65535,0,64165,1733020487.766239
19660,60000,55295,60000,60000,0,0,65535,5565,0,0,64445,26723,52716,59944,40954,884,23696,0,65535,0,63885,1733020488.828994
19660,60000,55295,60000,60000,0,0,65535,5565,0,0,64165,26597,52675,59938,40965,885,23684,0,65535,0,63545,1733020489.892206
19660,60000,55295,60000,60000,0,0,65535,5565,0,0,63885,26470,52634,59932,40976,885,23672,0,65535,0,63205,1733020491.138019
19660,60000,55295,60000,60000,0,0,65535,5565,0,0,63545,26318,52593,59927,40987,886,23660,0,65535,0,62415,1733020492.323334
19660,60000,55295,60000,60000,0,0,65535,5565,0,0,63205,26167,52552,59921,40998,887,23649,0,65535,0,61975,1733020493.594085
19660,60000,55295,60000,60000,0,0,65535,5565,0,0,62414,25819,52471,59910,41020,888,23625,0,65535,0,61514,1733020494.92516
19660,60000,55295,60000,60000,0,0,65535,5565,0,0,61974,25627,52430,59905,41031,889,23613,0,65535,0,61024,1733020496.051464
19660,60000,55295,60000,60000,0,0,65535,5565,0,0,61513,25426,52390,59900,41043,889,23601,0,65535,0,60513,1733020497.178199
19660,60000,55295,60000,60000,0,0,65535,5565,0,0,61023,25213,52350,59895,41054,890,23590,0,65535,0,59973,1733020498.406794
19660,60000,55295,60000,60000,0,0,65535,5565,0,0,60512,24992,52309,59890,41065,891,23578,0,65535,0,58823,1733020499.553599
19660,60000,55295,60000,60000,0,0,65535,5565,0,0,59412,24518,52229,59880,41087,892,23554,0,65535,0,58212,1733020500.722187
19660,60000,55295,60000,60000,0,0,65535,5565,0,0,58823,24265,52189,59876,41098,893,23542,0,65535,0,57583,1733020501.867077
19660,60000,55295,60000,60000,0,0,65535,5565,0,0,58212,24003,52149,59871,41110,893,23530,0,65535,0,56922,1733020503.035203
19660,60000,55295,60000,60000,0,0,65535,5565,0,0,57583,23735,52109,59867,41121,894,23519,0,65535,0,56253,1733020504.245364
19660,60000,55295,60000,60000,0,0,65535,5565,0,0,56922,23453,52069,59862,41132,895,23507,0,65535,0,55542,1733020505.474464
19660,60000,55295,60000,60000,0,0,65535,5565,0,0,56253,23168,52030,59858,41143,895,23495,0,65535,0,54082,1733020506.701445
19660,60000,55295,60000,60000,0,0,65535,5565,0,0,55542,22866,51990,59854,41154,896,23483,0,65535,0,53333,1733020507.93043
19660,60000,55295,60000,60000,0,0,65535,5565,0,0,54082,22247,51872,59843,41188,898,23447,0,65535,0,52512,1733020508.991189
19660,60000,55295,60000,60000,0,0,65535,5565,0,0,53333,21931,51833,59840,41199,899,23435,0,65535,0,51733,1733020510.107138
19660,60000,55295,60000,60000,0,0,65535,5565,0,0,52512,21585,51793,59837,41211,899,23423,0,65535,0,50882,1733020511.207038
19660,60000,55295,60000,60000,0,0,65535,5565,0,0,51733,21256,51754,59834,41222,900,23412,0,65535,0,50073,1733020512.393963
19660,60000,55295,60000,60000,0,0,65535,5565,0,0,50882,20898,51716,59831,41233,901,23400,0,65535,0,49192,1733020513.666509
19660,60000,55295,60000,60000,0,0,65535,5565,0,0,50073,20558,51677,59828,41244,901,23388,0,65535,0,47452,1733020514.893432
19660,60000,55295,60000,60000,0,0,65535,5565,0,0,49192,20188,51638,59826,41256,902,23376,0,65535,0,46593,1733020516.01993
19660,60000,55295,60000,60000,0,0,65535,5565,0,0,47452,19451,51561,59821,41278,903,23352,1045,65535,0,45662,1733020517.24869
19660,60000,55295,60000,60000,0,0,65535,5565,0,0,46593,19092,51522,59819,41290,904,23340,2840,65535,0,44783,1733020518.352122
19660,60000,55295,60000,60000,1045,1338,65535,5565,0,0,45662,18703,51484,59817,41301,905,23328,5830,65535,0,43832,1733020519.41315
19660,60000,55295,60000,60000,2840,3637,65535,5565,0,0,44783,18336,51446,59816,41312,905,23316,9460,65535,0,42943,1733020520.627912
19660,60000,55295,60000,60000,5830,7467,65535,5565,0,0,43831,17941,51410,59814,41323,906,23304,14425,65535,0,41971,1733020521.858696
19660,60000,55295,60000,60000,9460,12117,65535,5565,0,0,42942,17572,51378,59813,41333,907,23293,26870,65535,0,40091,1733020523.59761
19660,60000,55295,60000,60000,19900,25490,65535,5565,0,0,41072,16802,51332,59811,41351,908,23275,34190,65535,0,39182,1733020524.826836
19660,60000,55295,60000,60000,26870,34418,65535,5565,0,0,40091,16400,51322,59810,41357,908,23269,43170,65535,0,38191,1733020526.055349
19660,60000,55295,60000,60000,34190,43794,65535,5565,0,0,39182,16030,51322,59810,41361,908,23264,63324,65535,0,36291,1733020527.287685
19660,60000,55295,60000,60000,52340,65535,65535,5565,0,0,37282,15264,51363,59810,41362,908,23263,65535,65535,0,35382,1733020528.428768
19660,60000,55295,60000,60000,63324,65535,65535,5565,0,0,36291,14867,51406,59810,41358,908,23267,65535,65535,0,34391,1733020529.491112
19660,60000,55295,60000,60000,65535,65535,65535,5565,0,0,35382,14506,51467,59811,41351,908,23274,65535,65535,0,33492,1733020530.725123
19660,60000,55295,60000,60000,65535,65535,65535,5565,0,0,34391,14111,51545,59811,41341,907,23285,65535,65535,0,32501,1733020531.994491
19660,60000,55295,60000,60000,65535,65535,65535,5565,0,0,33492,13754,51627,59812,41330,906,23297,65535,65535,0,31612,1733020533.122439
19660,60000,55295,60000,60000,65535,65535,65535,5565,0,0,32501,13358,51709,59813,41320,906,23308,65535,65535,0,30631,1733020534.307435
19660,60000,55295,60000,60000,65535,65535,65535,5565,0,0,31612,13003,51791,59815,41309,905,23320,65535,65535,0,28790,1733020535.476056
19660,60000,55295,60000,60000,65535,65535,65535,5565,0,0,29762,12262,51954,59818,41288,904,23342,65535,65535,0,27942,1733020536.704695
19660,60000,55295,60000,60000,65535,65535,65535,5565,0,0,28790,11871,52036,59820,41277,903,23353,65535,65535,0,26990,1733020537.766506
19660,60000,55295,60000,60000,65535,65535,65535,5565,0,0,27942,11531,52117,59823,41267,902,23364,65535,65535,0,26172,1733020538.826382
19660,60000,55295,60000,60000,65535,65535,65535,5565,0,0,26990,11147,52199,59825,41256,902,23376,65535,65535,0,25240,1733020539.887427
19660,60000,55295,60000,60000,65535,65535,65535,5565,0,0,26172,10818,52280,59828,41246,901,23387,65535,65535,0,24452,1733020541.065966
19660,60000,55295,60000,60000,65535,65535,65535,5565,0,0,25240,10441,52361,59831,41236,900,23398,65535,65535,0,23550,1733020542.127206
19660,60000,55295,60000,60000,65535,65535,65535,5565,0,0,24452,10123,52443,59834,41225,900,23408,65535,65535,0,22792,1733020543.362731
19660,60000,55295,60000,60000,65535,65535,65535,5565,0,0,23550,9758,52524,59837,41215,899,23419,65535,65535,0,21202,1733020544.505722
19660,60000,55295,60000,60000,65535,65535,65535,5565,0,0,22792,9451,52605,59841,41205,898,23430,65535,65535,0,20369,1733020545.631437
19660,60000,55295,60000,60000,65535,65535,65535,5565,0,0,21919,9097,52686,59845,41195,898,23441,65535,65535,0,19691,1733020546.842689
19660,60000,55295,60000,60000,65535,65535,65535,5565,0,0,20369,8467,52849,59853,41175,897,23462,65535,65535,0,18899,1733020548.029635
19660,60000,55295,60000,60000,65535,65535,65535,5565,0,0,19691,8191,52930,59858,41165,896,23473,65535,65535,0,18271,1733020549.094382
19660,60000,55295,60000,60000,65535,65535,65535,5565,0,0,18899,7868,53011,59862,41155,895,23483,65535,65535,0,17519,1733020550.221699
19660,60000,55295,60000,60000,65535,65535,65535,5565,0,0,18271,7613,53091,59867,41145,895,23494,65535,65535,0,16941,1733020551.325925
19660,60000,55295,60000,60000,65535,65535,65535,5565,0,0,17519,7305,53253,59877,41125,894,23515,65535,65535,0,16289,1733020552.534981
19660,60000,55295,60000,60000,65535,65535,65535,5565,0,0,16941,7070,53334,59883,41115,893,23525,65535,65535,0,15771,1733020553.805697
19660,60000,55295,60000,60000,65535,65535,65535,5565,0,0,16289,6803,53414,59888,41106,892,23536,65535,65535,0,14711,1733020554.992524
19660,60000,55295,60000,60000,65535,65535,65535,5565,0,0,15168,6345,53575,59900,41096,892,23546,65535,65535,0,14168,1733020556.160946
19660,60000,55295,60000,60000,65535,65535,65535,5565,0,0,14711,6158,53656,59906,41077,891,23566,65535,65535,0,13771,1733020557.390095
19660,60000,55295,60000,60000,65535,65535,65535,5565,0,0,14168,5940,53736,59912,41067,890,23576,65535,65535,0,13288,1733020558.619452
19660,60000,55295,60000,60000,65535,65535,65535,5565,0,0,13771,5778,53816,59918,41058,889,23586,65535,65535,0,12951,1733020559.847672
19660,60000,55295,60000,60000,65535,65535,65535,5565,0,0,13288,5580,53897,59925,41048,889,23596,65535,65535,0,12261,1733020560.950577
19660,60000,55295,60000,60000,65535,65535,65535,5565,0,0,12951,5442,53977,59931,41039,888,23606,65535,65535,0,11918,1733020562.059707
19660,60000,55295,60000,60000,65535,65535,65535,5565,0,0,12538,5273,54057,59938,41030,888,23616,65535,65535,0,11701,1733020563.329048
19660,60000,55295,60000,60000,65535,65535,65535,5565,0,0,11918,5020,54217,59951,41011,887,23636,65535,65535,0,11428,1733020564.474076
19660,60000,55295,60000,60000,65535,65535,65535,5565,0,0,11701,4932,54296,59958,41002,886,23646,65535,65535,0,11281,1733020565.684334
19660,60000,55295,60000,60000,65535,65535,65535,5565,0,0,11428,4821,54376,59965,40993,886,23655,65535,65535,0,11078,1733020566.914926
19660,60000,55295,60000,60000,65535,65535,65535,5565,0,0,11281,4762,54456,59972,40983,885,23665,65535,65535,0,11001,1733020568.101373
19660,60000,55295,60000,60000,65535,65535,65535,5565,0,0,11078,4680,54535,59979,40974,884,23675,65535,65535,0,10860,1733020569.161396
19660,60000,55295,60000,60000,65535,65535,65535,5565,0,0,11000,4651,54615,59986,40965,884,23684,65535,65535,0,10797,1733020570.292434
19660,60000,55295,60000,60000,65535,65535,65535,5565,0,0,10867,4598,54694,59993,40956,883,23694,65535,65535,0,10869,1733020571.418915
19660,60000,55295,60000,60000,65535,65535,65535,5565,0,0,10796,4575,54853,60008,40938,882,23713,65535,65535,0,10876,1733020572.647836
19660,60000,55295,60000,60000,65535,65535,65535,5565,0,0,10868,4609,54932,60015,40930,882,23722,65535,65535,0,11018,1733020573.876195
19660,60000,55295,60000,60000,65535,65535,65535,5565,0,0,10875,4616,55011,60023,40921,881,23731,65535,65535,0,11105,1733020575.083438
19660,60000,55295,60000,60000,65535,65535,65535,5565,0,0,11018,4679,55089,60030,40912,881,23741,65535,65535,0,11318,1733020576.292604
19660,60000,55295,60000,60000,65535,65535,65535,5565,0,0,11105,4720,55168,60037,40903,880,23750,65535,65535,0,11768,1733020577.487582
19660,60000,55295,60000,60000,65535,65535,65535,5565,0,0,11318,4814,55247,60045,40894,880,23759,65535,65535,19200,11995,1733020578.65523
19660,60000,55295,60000,60000,65535,65535,65535,5565,0,0,11768,5013,55404,60059,40877,879,23778,65535,65535,65535,12358,1733020579.770564
19660,60000,55295,60000,60000,65535,65535,65535,5565,19200,65535,11995,5113,55482,60067,40869,878,23787,65535,65535,65535,12665,1733020580.96434
19660,60000,55295,60000,60000,65535,65535,65535,5565,65535,65535,12358,5267,55560,60074,40860,878,23796,65535,65535,65535,13098,1733020582.131468
19660,60000,55295,60000,60000,65535,65535,65535,5565,65535,65535,12665,5385,55538,60081,40851,877,23805,65535,65535,65535,13475,1733020583.415424
19660,60000,55295,60000,60000,65535,65535,65535,5565,65535,65535,13405,5686,55279,60088,40843,877,23814,65535,65535,55295,14425,1733020584.628662
19660,60000,55295,60000,60000,65535,65535,65535,5565,65535,65535,13475,5702,55022,60095,40834,876,23823,65535,65535,0,15305,1733020585.857934
19660,60000,55295,60000,60000,65535,65535,65535,5565,0,0,14425,6077,54512,60109,40817,875,23842,65535,65535,0,15515,1733020587.012366
19660,60000,55295,60000,60000,65535,65535,65535,5565,0,0,15304,6452,54312,60115,40808,875,23851,65535,65535,0,16454,1733020588.243078
19660,60000,55295,60000,60000,65535,65535,65535,5565,0,0,15514,6546,54392,60122,40799,874,23861,65535,65535,0,16734,1733020589.314715
19660,60000,55295,60000,60000,65535,65535,65535,5565,0,0,16454,6947,54471,60128,40790,874,23870,65535,65535,0,17734,1733020590.467423
19660,60000,55295,60000,60000,65535,65535,65535,5565,0,0,16734,7071,54550,60134,40781,873,23879,65535,65535,0,18074,1733020591.694425
19660,60000,55295,60000,60000,65535,65535,65535,5565,0,0,17734,7499,54630,60140,40772,873,23889,65535,65535,0,19534,1733020592.923145
19660,60000,55295,60000,60000,65535,65535,65535,5565,0,0,19134,8103,54788,60151,40755,871,23907,65535,65535,0,20644,1733020594.152112
19660,60000,55295,60000,60000,65535,65535,65535,5565,0,0,19534,8279,54867,60157,40746,871,23916,65535,65535,0,21104,1733020595.338459
19660,60000,55295,60000,60000,65535,65535,65535,5565,0,0,20644,8756,54945,60162,40738,870,23925,65535,65535,0,22264,1733020596.465086
19660,60000,55295,60000,60000,65535,65535,65535,5565,0,0,21103,8958,55102,60173,40721,869,23944,65535,65535,0,22833,1733020597.525944
19660,60000,55295,60000,60000,65535,65535,65535,5565,0,0,22264,9457,55181,60177,40712,869,23953,65535,65535,0,24034,1733020598.659525
19660,60000,55295,60000,60000,65535,65535,65535,5565,0,0,22833,9706,55259,60182,40704,868,23962,65535,65535,0,24653,1733020599.844449
19660,60000,55295,60000,60000,65535,65535,65535,5565,0,0,24034,10224,55337,60187,40695,868,23970,65535,65535,65535,26563,1733020600.972628
19660,60000,55295,60000,60000,65535,65535,65535,5565,0,0,24653,10495,55414,60191,40687,867,23979,65535,65535,65535,27854,1733020602.097112
19660,60000,55295,60000,60000,65535,65535,65535,5565,65535,65535,26563,11282,55488,60195,40678,867,23988,65535,65535,65535,28553,1733020603.265622
19660,60000,55295,60000,60000,65535,65535,65535,5565,65535,65535,27854,11802,55168,60203,40662,866,24006,65535,65535,0,29884,1733020604.399807
19660,60000,55295,60000,60000,65535,65535,65535,5565,65535,65535,28553,12069,54910,60206,40653,866,24015,65535,65535,0,30613,1733020605.620933
19660,60000,55295,60000,60000,65535,65535,65535,5565,0,0,29884,12602,54654,60210,40645,865,24024,65535,65535,0,31984,1733020606.851509
19660,60000,55295,60000,60000,65535,65535,65535,5565,0,0,30612,12919,54410,60213,40636,864,24033,65535,65535,0,32742,1733020608.036939
19660,60000,55295,60000,60000,65535,65535,65535,5565,0,0,31984,13508,54489,60216,40627,864,24042,65535,65535,0,34922,1733020609.101559
19660,60000,55295,60000,60000,65535,65535,65535,5565,0,0,32742,13838,54568,60218,40619,863,24051,65535,65535,0,36344,1733020610.161302
19660,60000,55295,60000,60000,65535,65535,65535,5565,0,0,34144,14441,54646,60220,40610,863,24060,65535,65535,0,37142,1733020611.35516
19660,60000,55295,60000,60000,65535,65535,65535,5565,0,0,36344,15395,54802,60224,40593,862,24078,65535,65535,0,38584,1733020612.542094
19660,60000,55295,60000,60000,65535,65535,65535,5565,0,0,37142,15744,54880,60226,40585,861,24087,65535,65535,0,39402,1733020613.770265
19660,60000,55295,60000,60000,65535,65535,65535,5565,0,0,38584,16368,54958,60227,40576,861,24096,65535,65535,0,40854,1733020614.829046
19660,60000,55295,60000,60000,65535,65535,65535,5565,0,0,39402,16727,55035,60228,40568,860,24105,65535,65535,0,41682,1733020615.88887
19660,60000,55295,60000,60000,65535,65535,65535,5565,0,0,40854,17356,55113,60229,40560,860,24114,65535,65535,0,43144,1733020617.091643
19660,60000,55295,60000,60000,65535,65535,65535,5565,0,0,41682,17720,55190,60229,40551,859,24123,65535,65535,0,43972,1733020618.216044
19660,60000,55295,60000,60000,65535,65535,65535,5565,0,0,43143,18355,55267,60230,40543,859,24132,65535,65535,0,45443,1733020619.342631
19660,60000,55295,60000,60000,65535,65535,65535,5565,0,0,43971,18721,55344,60230,40535,858,24140,65535,65535,65535,47743,1733020620.469103
19660,60000,55295,60000,60000,65535,65535,65535,5565,0,0,45443,19361,55421,60230,40527,858,24149,65200,65535,65535,48561,1733020621.580374
19660,60000,55295,60000,60000,65535,65535,65535,5565,31360,65535,46271,19727,55497,60229,40518,858,24158,62150,65535,65535,50023,1733020622.824377
19660,60000,55295,60000,60000,65200,65535,65535,5565,65535,65535,48561,20635,55476,60227,40502,857,24175,60325,65535,65535,50831,1733020624.053263
19660,60000,55295,60000,60000,62149,65535,65535,5565,65535,65535,50023,21205,55216,60226,40494,856,24183,54424,65535,14976,52283,1733020625.179514
19660,60000,55295,60000,60000,60325,65535,65535,5565,65535,65535,50831,21493,54726,60223,40486,856,24192,51160,65535,0,53061,1733020626.263961
19660,60000,55295,60000,60000,54424,65535,65535,5565,14976,53322,52283,22053,54691,60222,40479,855,24199,42459,65535,0,54503,1733020627.432365
19660,60000,55295,60000,60000,51160,65531,65535,5565,0,0,53061,22377,54432,60220,40472,855,24206,37575,65535,0,55261,1733020628.491803
19660,60000,55295,60000,60000,42458,54386,65535,5565,0,0,54503,22996,54415,60218,40467,854,24212,25778,65535,0,56683,1733020629.554066
19660,60000,55295,60000,60000,37575,48130,65535,5565,0,0,55261,23323,54464,60215,40463,854,24216,7463,65535,0,57411,1733020630.624291
19660,60000,55295,60000,60000,25778,33019,65535,5565,0,0,56683,23929,54498,60212,40462,854,24218,0,65535,0,59491,1733020631.733081
19660,60000,55295,60000,60000,19260,24670,65535,5565,0,0,57411,24237,54521,60208,40462,854,24217,0,65535,0,60853,1733020632.878838
19660,60000,55295,60000,60000,4433,5678,65535,5565,0,0,58803,24822,54524,60205,40465,854,24214,0,65535,0,61501,1733020633.985736
19660,60000,55295,60000,60000,0,0,65535,5565,0,0,60852,25668,54477,60197,40481,855,24198,0,65535,0,62822,1733020635.214773
19660,60000,55295,60000,60000,0,0,65535,5565,0,0,61500,25931,54434,60193,40491,856,24186,0,65535,0,63430,1733020636.443673
19660,60000,55295,60000,60000,0,0,65535,5565,0,0,62822,26477,54391,60188,40502,857,24175,0,65535,0,64702,1733020637.680533
19660,60000,55295,60000,60000,0,0,65535,5565,0,0,63430,26722,54348,60183,40513,857,24163,0,65535,0,65260,1733020638.901462
19660,60000,55295,60000,60000,0,0,65535,5565,0,0,64702,27247,54305,60178,40523,858,24152,0,65535,0,65535,1733020640.046161
19660,60000,55295,60000,60000,0,0,65535,5565,0,0,65260,27470,54182,60162,40545,859,24129,0,65535,0,65535,1733020641.184537
19660,60000,55295,60000,60000,0,0,65535,5565,0,0,65535,27563,54096,60151,40567,861,24106,0,65535,0,65535,1733020642.280477
19660,60000,55295,60000,60000,0,0,65535,5565,0,0,65535,27552,54053,60145,40577,861,24095,0,65535,0,65535,1733020643.509466
19660,60000,55295,60000,60000,0,0,65535,5565,0,0,65535,27540,54010,60139,40588,862,24083,0,65535,0,65535,1733020644.762256
19660,60000,55295,60000,60000,0,0,65535,5565,0,0,65535,27529,53967,60134,40599,863,24072,0,65535,0,65535,1733020645.967246
19660,60000,55295,60000,60000,0,0,65535,5565,0,0,65535,27518,53961,60133,40610,863,24060,0,65535,0,65535,1733020647.100202
19660,60000,55295,60000,60000,0,0,65535,5565,0,0,65535,27495,53919,60127,40621,864,24049,0,65535,0,65535,1733020648.237699
19660,60000,55295,60000,60000,0,0,65535,5565,0,0,65535,27484,53876,60121,40632,865,24037,0,65535,0,65535,1733020649.306464
19660,60000,55295,60000,60000,0,0,65535,5565,0,0,65535,27462,53791,60110,40653,866,24014,0,65535,0,65535,1733020650.472932
19660,60000,55295,60000,60000,0,0,65535,5565,0,0,65535,27451,53749,60104,40664,867,24003,0,65535,0,65535,1733020651.720135
19660,60000,55295,60000,60000,0,0,65535,5565,0,0,65535,27439,53706,60098,40675,867,23991,0,65535,0,65535,1733020652.827721
19660,60000,55295,60000,60000,0,0,65535,5565,0,0,65535,27428,53664,60092,40686,868,23980,0,65535,0,65535,1733020654.063365
19660,60000,55295,60000,60000,0,0,65535,5565,0,0,65535,27417,53622,60086,40697,869,23968,0,65535,0,65535,1733020655.183083
19660,60000,55295,60000,60000,0,0,65535,5565,0,0,65535,27406,53579,60081,40708,869,23957,0,65535,0,65535,1733020656.410976
19660,60000,55295,60000,60000,0,0,65535,5565,0,0,65535,27394,53537,60075,40718,870,23945,0,65535,0,65535,1733020657.470222
19660,60000,55295,60000,60000,0,0,65535,5565,0,0,65535,27383,53495,60069,40729,871,23934,0,65535,0,65535,1733020658.530758
19660,60000,55295,60000,60000,0,0,65535,5565,0,0,65535,27372,53453,60063,40740,871,23922,0,65535,0,65535,1733020659.594714
19660,60000,55295,60000,60000,0,0,65535,5565,0,0,65535,27350,53369,60052,40762,873,23899,0,65535,0,65535,1733020660.654611
19660,60000,55295,60000,60000,0,0,65535,5565,0,0,65535,27339,53327,60046,40773,873,23887,0,65535,0,65535,1733020661.736924
19660,60000,55295,60000,60000,0,0,65535,5565,0,0,65535,27327,53285,60040,40784,874,23876,0,65535,0,65535,1733020662.795688
19660,60000,55295,60000,60000,0,0,65535,5565,0,0,65535,27316,53244,60034,40795,874,23864,0,65535,0,65535,1733020663.870181
19660,60000,55295,60000,60000,0,0,65535,5565,0,0,65535,27305,53202,60028,40806,875,23853,0,65535,0,65535,1733020665.031785
19660,60000,55295,60000,60000,0,0,65535,5565,0,0,65535,27294,53160,60022,40817,876,23841,0,65535,0,65535,1733020666.098037
19660,60000,55295,60000,60000,0,0,65535,5565,0,0,65535,27283,53119,60016,40828,876,23829,0,65535,0,65535,1733020667.368963
19660,60000,55295,60000,60000,0,0,65535,5565,0,0,65535,27272,53077,60011,40839,877,23818,0,65535,0,65535,1733020668.472038
19660,60000,55295,60000,60000,0,0,65535,5565,0,0,65535,27261,53036,60005,40850,878,23806,0,65535,0,65535,1733020669.545166
19660,60000,55295,60000,60000,0,0,65535,5565,0,0,65535,27250,52994,59999,40861,878,23794,0,65535,0,65525,1733020670.70584
19660,60000,55295,60000,60000,0,0,65535,5565,0,0,65535,27239,52953,59993,40872,879,23783,0,65535,0,65395,1733020671.874595
19660,60000,55295,60000,60000,0,0,65535,5565,0,0,65525,27224,52912,59987,40883,880,23771,0,65535,0,65275,1733020673.004657
19660,60000,55295,60000,60000,0,0,65535,5565,0,0,65395,27147,52829,59975,40905,881,23748,0,65535,0,65145,1733020674.229873
19660,60000,55295,60000,60000,0,0,65535,5565,0,0,65275,27087,52788,59970,40916,882,23736,0,65535,0,64975,1733020675.460578
19660,60000,55295,60000,60000,0,0,65535,5565,0,0,65145,27022,52747,59964,40927,882,23724,0,65535,0,64785,1733020676.645516
19660,60000,55295,60000,60000,0,0,65535,5565,0,0,64975,26940,52706,59958,40938,883,23712,0,65535,0,64305,1733020677.9164
19660,60000,55295,60000,60000,0,0,65535,5565,0,0,64785,26851,52665,59952,40949,884,23701,0,65535,0,64015,1733020679.019538
19660,60000,55295,60000,60000,0,0,65535,5565,0,0,64555,26745,52624,59946,40960,884,23689,0,65535,0,63715,1733020680.085156
19660,60000,55295,60000,60000,0,0,65535,5565,0,0,64015,26500,52543,59935,40982,886,23666,0,65535,0,63365,1733020681.158018
19660,60000,55295,60000,60000,0,0,65535,5565,0,0,63715,26365,52502,59929,40993,886,23654,0,65535,0,63005,1733020682.32216
19660,60000,55295,60000,60000,0,0,65535,5565,0,0,63365,26209,52421,59918,41016,888,23630,0,65535,0,62545,1733020683.446066
19660,60000,55295,60000,60000,0,0,65535,5565,0,0,63005,26050,52380,59913,41027,888,23618,0,65535,0,62135,1733020684.595444
19660,60000,55295,60000,60000,0,0,65535,5565,0,0,62545,25849,52340,59907,41038,889,23607,0,65535,0,61615,1733020685.700993
19660,60000,55295,60000,60000,0,0,65535,5565,0,0,62134,25670,52299,59902,41049,890,23595,0,65535,0,61154,1733020686.843526
19660,60000,55295,60000,60000,0,0,65535,5565,0,0,61614,25445,52259,59897,41060,890,23583,0,65535,0,60584,1733020687.951634
19660,60000,55295,60000,60000,0,0,65535,5565,0,0,61153,25244,52219,59892,41071,891,23571,0,65535,0,60073,1733020689.017282
19660,60000,55295,60000,60000,0,0,65535,5565,0,0,60583,24999,52179,59887,41082,892,23559,0,65535,0,59453,1733020690.09766
19660,60000,55295,60000,60000,0,0,65535,5565,0,0,60073,24768,52139,59882,41094,892,23548,0,65535,0,58223,1733020691.330981
19660,60000,55295,60000,60000,0,0,65535,5565,0,0,59453,24503,52099,59877,41105,893,23536,0,65535,0,57623,1733020692.558814
19660,60000,55295,60000,60000,0,0,65535,5565,0,0,58223,23977,52019,59868,41127,894,23512,0,65535,0,56903,1733020693.704345
19660,60000,55295,60000,60000,0,0,65535,5565,0,0,57623,23720,51980,59864,41138,895,23500,0,65535,0,56263,1733020694.875
19660,60000,55295,60000,60000,0,0,65535,5565,0,0,56903,23415,51940,59860,41150,896,23488,0,65535,0,55503,1733020695.933977
19660,60000,55295,60000,60000,0,0,65535,5565,0,0,56263,23142,51901,59855,41161,896,23476,0,65535,0,54813,1733020697.06535
19660,60000,55295,60000,60000,0,0,65535,5565,0,0,55503,22820,51861,59851,41172,897,23464,0,65535,0,54013,1733020698.293937
19660,60000,55295,60000,60000,0,0,65535,5565,0,0,54813,22528,51822,59848,41183,898,23453,0,65535,0,52453,1733020699.437969
19660,60000,55295,60000,60000,0,0,65535,5565,0,0,54013,22190,51783,59844,41195,898,23441,0,65535,0,51693,1733020700.565815
19660,60000,55295,60000,60000,0,0,65535,5565,0,0,53293,21886,51743,59840,41206,899,23429,0,65535,0,50823,1733020701.673019
19660,60000,55295,60000,60000,0,0,65535,5565,0,0,51693,21212,51665,59834,41228,900,23405,0,65535,0,50033,1733020702.776721
19660,60000,55295,60000,60000,0,0,65535,5565,0,0,50823,20847,51627,59831,41240,901,23393,0,65535,0,49133,1733020704.028681
19660,60000,55295,60000,60000,0,0,65535,5565,0,0,50033,20515,51588,59828,41251,902,23381,0,65535,0,48313,1733020705.257492
19660,60000,55295,60000,60000,0,0,65535,5565,0,0,49133,20138,51549,59825,41262,902,23369,0,65535,0,47383,1733020706.486468
19660,60000,55295,60000,60000,0,0,65535,5565,0,0,48313,19794,51511,59823,41274,903,23357,0,65535,0,45593,1733020707.630582
19660,60000,55295,60000,60000,0,0,65535,5565,0,0,47383,19406,51472,59821,41285,904,23345,3030,65535,0,44733,1733020708.715
19660,60000,55295,60000,60000,0,0,65535,5565,0,0,46543,19054,51434,59819,41296,904,23333,6280,65535,0,43763,1733020709.828662
19660,60000,55295,60000,60000,3030,3881,65535,5565,0,0,44733,18300,51357,59815,41307,905,23321,9830,65535,0,42883,1733020711.094284
19660,60000,55295,60000,60000,6280,8044,65535,5565,0,0,43762,17897,51322,59814,41330,906,23298,15095,65535,0,41902,1733020712.324803
19660,60000,55295,60000,60000,9830,12591,65535,5565,0,0,42882,17532,51291,59812,41340,907,23287,20470,65535,0,41002,1733020713.551867
19660,60000,55295,60000,60000,15095,19335,65535,5565,0,0,41902,17128,51265,59811,41349,907,23277,27755,65535,0,40012,1733020714.78092
19660,60000,55295,60000,60000,20470,26220,65535,5565,0,0,41002,16759,51247,59810,41357,908,23269,44285,65535,0,38112,1733020716.009594
19660,60000,55295,60000,60000,34975,44800,65535,5565,0,0,39102,15984,51239,59809,41367,908,23258,53355,65535,0,37192,1733020717.112875
19660,60000,55295,60000,60000,44285,56725,65535,5565,0,0,38112,15584,51254,59809,41368,909,23257,64665,65535,0,36202,1733020718.17342
19660,60000,55295,60000,60000,53355,65535,65535,5565,0,0,37192,15215,51283,59809,41367,908,23258,65535,65535,0,35282,1733020719.348478
19660,60000,55295,60000,60000,64665,65535,65535,5565,0,0,36202,14819,51328,59809,41363,908,23262,65535,65535,0,34292,1733020720.411916
19660,60000,55295,60000,60000,65535,65535,65535,5565,0,0,35282,14454,51391,59810,41356,908,23270,65535,65535,0,33382,1733020721.541095
19660,60000,55295,60000,60000,65535,65535,65535,5565,0,0,34292,14060,51472,59811,41345,907,23281,65535,65535,0,32402,1733020722.665741
19660,60000,55295,60000,60000,65535,65535,65535,5565,0,0,33382,13698,51554,59811,41334,906,23293,65535,65535,0,31492,1733020723.724015
19660,60000,55295,60000,60000,65535,65535,65535,5565,0,0,32402,13307,51636,59813,41323,906,23304,65535,65535,0,30532,1733020724.788648
19660,60000,55295,60000,60000,65535,65535,65535,5565,0,0,31492,12944,51799,59816,41313,905,23316,65535,65535,0,29652,1733020725.902077
19660,60000,55295,60000,60000,65535,65535,65535,5565,0,0,30531,12560,51881,59817,41291,904,23339,65535,65535,0,28701,1733020727.068749
19660,60000,55295,60000,60000,65535,65535,65535,5565,0,0,29652,12208,51963,59820,41281,903,23350,65535,65535,0,26921,1733020728.128386
19660,60000,55295,60000,60000,65535,65535,65535,5565,0,0,28701,11826,52045,59822,41270,902,23361,65535,65535,0,26092,1733020729.218241
19660,60000,55295,60000,60000,65535,65535,65535,5565,0,0,27852,11485,52126,59824,41260,902,23372,65535,65535,0,25191,1733020730.34593
19660,60000,55295,60000,60000,65535,65535,65535,5565,0,0,26092,10777,52289,59830,41249,901,23383,65535,65535,0,24392,1733020731.574767
19660,60000,55295,60000,60000,65535,65535,65535,5565,0,0,25191,10422,52371,59833,41229,900,23405,65535,65535,0,23521,1733020732.805122
19660,60000,55295,60000,60000,65535,65535,65535,5565,0,0,24392,10099,52452,59837,41218,899,23416,65535,65535,0,22762,1733020733.929777
19660,60000,55295,60000,60000,65535,65535,65535,5565,0,0,23521,9746,52533,59840,41208,899,23427,65535,65535,0,21921,1733020735.158729
19660,60000,55295,60000,60000,65535,65535,65535,5565,0,0,22762,9440,52615,59844,41198,898,23438,65535,65535,0,21202,1733020736.285072
19660,60000,55295,60000,60000,65535,65535,65535,5565,0,0,21920,9098,52696,59848,41188,897,23448,65535,65535,0,19721,1733020737.472229
19660,60000,55295,60000,60000,65535,65535,65535,5565,0,0,21201,8807,52777,59852,41178,897,23459,65535,65535,0,18960,1733020738.700672
19660,60000,55295,60000,60000,65535,65535,65535,5565,0,0,19721,8204,52939,59861,41158,895,23480,65535,65535,0,18331,1733020739.973167
19660,60000,55295,60000,60000,65535,65535,65535,5565,0,0,18960,7894,53020,59865,41148,895,23491,65535,65535,0,17610,1733020741.207062
19660,60000,55295,60000,60000,65535,65535,65535,5565,0,0,18331,7638,53101,59870,41138,894,23501,65535,65535,0,17031,1733020742.429058
19660,60000,55295,60000,60000,65535,65535,65535,5565,0,0,17610,7344,53182,59875,41128,894,23512,65535,65535,0,15831,1733020743.657993
19660,60000,55295,60000,60000,65535,65535,65535,5565,0,0,17031,7108,53262,59880,41118,893,23522,65535,65535,0,15220,1733020744.886849
19660,60000,55295,60000,60000,65535,65535,65535,5565,0,0,15831,6617,53424,59891,41099,892,23543,65535,65535,0,14741,1733020746.116969
19660,60000,55295,60000,60000,65535,65535,65535,5565,0,0,15219,6367,53504,59897,41089,891,23553,65535,65535,0,14189,1733020747.344257
19660,60000,55295,60000,60000,65535,65535,65535,5565,0,0,14741,6171,53585,59903,41080,891,23563,65535,65535,0,13771,1733020748.404277
19660,60000,55295,60000,60000,65535,65535,65535,5565,0,0,14189,5945,53665,59909,41070,890,23573,65535,65535,0,13279,1733020749.466319
19660,60000,55295,60000,60000,65535,65535,65535,5565,0,0,13771,5774,53745,59915,41060,889,23584,65535,65535,0,12921,1733020750.526348
19660,60000,55295,60000,60000,65535,65535,65535,5565,0,0,13279,5572,53826,59921,41051,889,23594,65535,65535,0,12489,1733020751.64518
19660,60000,55295,60000,60000,65535,65535,65535,5565,0,0,12921,5426,53906,59928,41042,888,23604,65535,65535,0,11829,1733020752.791595
19660,60000,55295,60000,60000,65535,65535,65535,5565,0,0,12489,5249,53986,59934,41032,888,23614,65535,65535,0,11611,1733020753.855065
19660,60000,55295,60000,60000,65535,65535,65535,5565,0,0,12201,5132,54066,59941,41023,887,23623,65535,65535,0,11299,1733020754.939548
19660,60000,55295,60000,60000,65535,65535,65535,5565,0,0,11829,4979,54146,59947,41014,887,23633,65535,65535,0,11151,1733020756.066277
19660,60000,55295,60000,60000,65535,65535,65535,5565,0,0,11299,4763,54306,59961,40995,886,23653,65535,65535,0,10909,1733020757.128493
19660,60000,55295,60000,60000,65535,65535,65535,5565,0,0,11151,4704,54386,59968,40986,885,23663,65535,65535,0,10831,1733020758.199414
19660,60000,55295,60000,60000,65535,65535,65535,5565,0,0,10908,4606,54465,59975,40977,884,23672,65535,65535,0,10658,1733020759.260385
19660,60000,55295,60000,60000,65535,65535,65535,5565,0,0,10830,4576,54545,59983,40968,884,23682,65535,65535,0,10660,1733020760.3208
19660,60000,55295,60000,60000,65535,65535,65535,5565,0,0,10657,4506,54624,59990,40959,883,23691,65535,65535,0,10557,1733020761.380986
19660,60000,55295,60000,60000,65535,65535,65535,5565,0,0,10659,4511,54704,59997,40950,883,23701,65535,65535,0,10629,1733020762.441539
19660,60000,55295,60000,60000,65535,65535,65535,5565,0,0,10556,4470,54783,60004,40941,882,23710,65535,65535,0,10596,1733020763.50064
19660,60000,55295,60000,60000,65535,65535,65535,5565,0,0,10628,4504,54862,60012,40932,882,23720,65535,65535,0,10748,1733020764.650379
19660,60000,55295,60000,60000,65535,65535,65535,5565,0,0,10595,4494,54941,60019,40923,881,23729,65535,65535,0,10785,1733020765.7106
19660,60000,55295,60000,60000,65535,65535,65535,5565,0,0,10747,4562,55020,60027,40914,881,23739,65535,65535,0,11017,1733020766.902917
19660,60000,55295,60000,60000,65535,65535,65535,5565,0,0,10784,4581,55099,60034,40905,880,23748,65535,65535,0,11124,1733020768.089937
19660,60000,55295,60000,60000,65535,65535,65535,5565,0,0,11017,4683,55178,60042,40897,880,23757,65535,65535,0,11614,1733020769.149955
19660,60000,55295,60000,60000,65535,65535,65535,5565,0,0,11124,4732,55257,60049,40888,879,23766,65535,65535,65535,12077,1733020770.287639
19660,60000,55295,60000,60000,65535,65535,65535,5565,0,0,11437,4868,55414,60064,40879,879,23776,65535,65535,65535,12324,1733020771.408602
19660,60000,55295,60000,60000,65535,65535,65535,5565,65535,65535,12077,5148,55563,60078,40853,877,23803,65535,65535,65535,12857,1733020772.512669
19660,60000,55295,60000,60000,65535,65535,65535,5565,65535,65535,12324,5242,55305,60086,40845,877,23812,65535,65535,65535,13184,1733020773.661648
19660,60000,55295,60000,60000,65535,65535,65535,5565,65535,65535,12857,5455,55048,60093,40836,876,23821,65535,65535,0,13787,1733020774.789667
19660,60000,55295,60000,60000,65535,65535,65535,5565,65535,65535,13184,5581,54792,60100,40828,876,23830,65535,65535,0,14184,1733020775.914147
19660,60000,55295,60000,60000,65535,65535,65535,5565,0,0,13787,5825,54540,60106,40819,875,23840,65535,65535,0,14847,1733020777.017072
19660,60000,55295,60000,60000,65535,65535,65535,5565,0,0,14184,5997,54619,60113,40810,875,23849,65535,65535,0,15314,1733020778.078439
19660,60000,55295,60000,60000,65535,65535,65535,5565,0,0,14847,6282,54701,60120,40801,874,23859,65535,65535,0,16047,1733020779.139926
19660,60000,55295,60000,60000,65535,65535,65535,5565,0,0,15313,6485,54781,60126,40792,874,23868,65535,65535,0,16573,1733020780.199634
19660,60000,55295,60000,60000,65535,65535,65535,5565,0,0,16047,6800,54860,60132,40783,873,23877,65535,65535,0,17367,1733020781.259386
19660,60000,55295,60000,60000,65535,65535,65535,5565,0,0,16573,7028,54939,60139,40775,873,23886,65535,65535,0,17963,1733020782.383829
19660,60000,55295,60000,60000,65535,65535,65535,5565,0,0,17367,7371,55017,60145,40766,872,23896,65535,65535,0,18817,1733020783.552265
19660,60000,55295,60000,60000,65535,65535,65535,5565,0,0,17963,7629,55096,60151,40757,872,23905,65535,65535,0,20387,1733020784.635165
19660,60000,55295,60000,60000,65535,65535,65535,5565,0,0,18817,7998,55174,60157,40749,871,23914,65535,65535,0,21093,1733020785.745605
19660,60000,55295,60000,60000,65535,65535,65535,5565,0,0,19473,8283,55253,60162,40740,871,23923,65535,65535,23040,22067,1733020786.806993
19660,60000,55295,60000,60000,65535,65535,65535,5565,0,0,21092,8985,55409,60173,40723,870,23941,65535,65535,65535,22822,1733020788.057382
19660,60000,55295,60000,60000,65535,65535,65535,5565,23040,65535,22067,9407,55487,60178,40715,869,23950,65535,65535,65535,23847,1733020789.118385
19660,60000,55295,60000,60000,65535,65535,65535,5565,65535,65535,22822,9726,55547,60185,40701,868,23965,65535,65535,65535,24672,1733020790.250238
19660,60000,55295,60000,60000,65535,65535,65535,5565,65535,65535,23847,10139,55415,60190,40692,868,23974,65535,65535,65535,25747,1733020791.376548
19660,60000,55295,60000,60000,65535,65535,65535,5565,65535,65535,24672,10465,55140,60195,40683,867,23983,65535,65535,0,26622,1733020792.43664
19660,60000,55295,60000,60000,65535,65535,65535,5565,65535,65535,25747,10893,54961,60198,40677,867,23990,65535,65535,0,27727,1733020796.240784
